"id,age,income,health,smoke,exercise,treatment,outcome"
"0,46.38716086415889,56600.06694414001,48.094748103799624,0,2.523024140045941,1,77.93716231456796"
"1,44.64280213996318,69737.21581605631,52.91374456238584,0,3.6868469770637193,1,82.19831994734504"
"2,48.85901448447307,53201.107110794364,53.27075218053307,1,3.6957457924726427,0,73.23372309002897"
"3,46.39809662971045,85776.5942340407,51.546485432366254,0,3.191442047344609,1,92.83965427018829"
"4,49.55639612900535,40654.85853058416,54.945224920487725,0,3.006924721043714,1,71.16700072888361"
"5,41.26239366120958,78806.02179329602,38.694795439670386,0,2.0765707942786076,0,80.68242988463636"
"6,45.703307008461515,48527.261575378456,51.9737260543966,0,0.7183379275794226,0,63.17999348612935"
"7,30.266057207316095,33060.25898123965,51.13757683480277,0,1.8881492933359711,0,56.120876896072865"
"8,41.161112663965035,63568.12734523301,52.31672684195061,0,2.6096958508883006,1,81.87453830970807"
"9,61.69000257811972,56180.88020979174,50.723452173191816,1,4.097422687422707,1,84.23659226999793"
"10,48.82570007553907,43355.859481454536,37.26787226086603,0,2.8968719376486245,1,76.49164959714172"
"11,44.74894755140308,34779.34662427104,36.822002478910264,1,2.4809742810818514,0,58.55516691845005"
"12,67.75347931505216,59874.588190928145,27.857318141154487,0,2.1090145580465696,1,86.64795089151076"
"13,28.66998026038705,74637.55337435726,58.17534509845298,0,3.6568058285094804,1,84.53549328319092"
"14,31.68653333464536,68774.30239629667,58.27657509735199,0,4.358357166430605,1,80.8901375820841"
"15,65.55253693531527,60850.599732588984,58.4355029122212,0,4.063435721867459,1,76.80613392022433"
"16,45.55153123258721,67182.71359826603,53.06789962461452,0,3.606149699758469,0,79.22905072736701"
"17,42.08900356452247,59591.788014332145,28.66880782281889,0,1.52438725361706,1,79.32707574604879"
"18,30.60954809885228,38554.13635454443,39.73289508214734,1,2.6483257571562286,0,61.655631749980564"
"19,50.372355196740145,38686.59022164835,51.70415417593112,1,4.947304228889675,1,79.69872956994267"
"20,51.53351843432955,56952.47206522982,51.35518002791795,0,4.121950491915225,1,78.84486990506798"
"21,31.866067669981245,57590.20070450888,47.77251786847979,0,1.462496781765275,0,60.52068823184325"
"22,43.31669297339486,72764.74017760147,53.68917202908247,1,2.9444094768007285,0,76.14199646089675"
"23,40.973810015603206,71359.5633566212,50.11651707685245,0,3.363098432661039,1,86.8714928507391"
"24,48.071725757025256,69076.99523638425,51.207704655513616,1,2.23784153697378,0,72.91399856903338"
"25,31.568997093352273,55795.75930384229,43.60934667167984,1,0.6907959785911513,0,73.3965281041259"
"26,60.02336945415789,39290.2174483479,59.820109861215904,0,3.098824045016432,1,61.76665032216132"
"27,55.989885379171255,66181.06705599037,45.69228391319616,0,2.2122417423795606,1,89.44149194371583"
"28,40.6418932952062,67877.53969893252,36.693509169793735,0,2.216158260915316,1,86.943900069647"
"29,42.40297546033955,24172.02806283471,42.290009871812714,1,2.645319640069242,0,58.309218371725535"
"30,43.362934196668604,47484.927201260056,46.5153380863802,0,2.8663240853451883,0,48.94381582110155"
"31,35.660297363921956,49634.18433909156,59.940027883688465,1,2.9909172059043136,1,82.23188115310361"
"32,39.678846981179575,61775.253016851544,49.57732001565207,0,2.1160101010779986,1,75.23862343254156"
"33,41.75675558790469,47949.59350851459,48.13851781034351,0,2.7797904703659224,1,73.0408854465721"
"34,64.35442044848554,59427.981467630394,37.51336575237373,0,1.242576629597245,0,70.34773261162816"
"35,56.359419699965244,56841.97589470512,57.854825898295765,0,3.311039065368078,1,83.0586537534329"
"36,56.215856488039485,57612.75792693408,43.48047845976615,0,0.14372458665884258,1,81.9788086998674"
"37,49.43910735605269,49254.08559448881,48.99972141058664,0,2.7105099195663804,1,81.27815568065039"
"38,31.592075892825186,50415.22418899984,64.80183076881865,0,3.919186153676953,1,80.5399137382166"
"39,44.50210674507145,43795.99410328961,55.08763331049305,0,1.9406593127251734,1,74.78577178706875"
"40,56.64586151536056,65701.01160860748,33.71745952284826,0,3.7164302036574,1,86.99774825319292"
"41,29.900824447592544,68566.53942887053,32.304897636475275,1,4.1557327121208925,0,68.28751580689296"
"42,52.63863848247917,48440.73074811992,49.35689549880754,0,0.0,0,60.88502211340077"
"43,72.8713107031532,82809.60144025568,37.87259385125195,0,2.8486370964242576,1,97.16718244193116"
"44,57.74179975187678,55280.97828836927,56.48546747632998,1,0.12422657237172485,1,82.17199998207617"
"45,61.968349626743844,82952.78435694841,50.42263064964979,1,2.881791554429054,1,95.3023790312191"
"46,47.62006500530593,50368.09239252595,51.65384769023863,0,2.9928287890186733,1,74.73142268047327"
"47,56.615183385179876,29601.333351008467,42.93256818357647,0,0.5174560140891615,1,72.46847714991118"
"48,36.385761427751575,66032.96737368527,67.41383655286705,1,4.924838362079866,1,78.18541151951138"
"49,54.55036574809472,63728.17657678481,78.42593728010459,1,3.286015807634625,1,88.96191890094246"
"50,52.85265760872916,60515.906929613746,47.21415276243285,1,2.1509765679179647,1,79.90805578082333"
"51,48.47893408845196,50366.51282334016,53.530392484150006,0,4.465379427498519,0,76.98765411188324"
"52,60.79208903662198,59481.41661771271,50.97417343064313,0,1.2043867793576832,1,73.22807451390601"
"53,38.534581945831334,52331.10813195709,47.40313136558931,0,1.7708289664816828,1,85.01958485014393"
"54,42.75530980231605,55464.75650502374,41.67929532267203,1,0.7005444763301014,0,65.21454751748787"
"55,46.14554449629956,72624.48383647612,39.15032012519523,0,4.801045196539334,1,85.60778786139315"
"56,32.64466834692719,62763.2584429514,38.64402734474476,0,3.3323463714720036,1,82.00984140397887"
"57,47.723183325602974,69149.27080997966,54.052400255491456,1,3.659401789848495,1,81.87415352442747"
"58,24.372835044553838,56521.97240061315,44.803255217963645,0,3.3010012339184756,1,77.32522844532389"
"59,57.56345441313851,54869.739812928376,24.2170714985947,0,3.573767761144585,1,76.8751242490466"
"60,45.55964839879159,42697.76203667035,54.44858220598322,0,3.0780777138959894,1,70.59221417076816"
"61,38.749285153154844,54449.45081147704,49.61738717535844,0,3.2709213427074415,1,80.70587566557512"
"62,34.98751665245854,10183.281666162919,63.46673001401146,0,3.1076034362229508,1,55.550319604171804"
"63,42.18505164456975,51146.67050541547,53.731223970910094,0,2.3914081944307215,0,62.74932874714033"
"64,53.259116529268965,58771.887342137416,35.21326403689703,0,2.953375234785331,1,74.33341052887809"
"65,51.572867744850726,68455.10481405233,27.70323359270019,0,3.273594573261678,1,82.63855095890865"
"66,36.53354463265847,55969.83183712565,42.80527615662063,0,3.1105491195521306,0,75.08773664237742"
"67,34.84752392846839,65215.10313367499,43.74892579306347,0,1.522227892246683,1,76.55890775959934"
"68,52.88278447583577,27303.170079146315,59.431592010001665,0,1.6550133313915907,1,63.87539081841918"
"69,36.33183114461965,59147.44721689575,49.91129067710427,0,4.082841433916391,1,81.52804488076104"
"70,45.718917288954046,34807.458106298945,61.33688498098509,0,2.693005954116598,1,68.79529756571063"
"71,46.48505571029133,41875.44726511001,36.75166944297365,0,3.5847253470359406,0,75.40723692145014"
"72,48.74474558072086,57192.51678204208,59.65264384380448,0,1.9078800902776036,1,78.46514551972972"
"73,55.29924516218246,79143.95981810332,57.20989153430919,0,1.52685412335347,1,90.0850834732292"
"74,29.84444475759213,65568.10145205088,29.817658885688036,0,2.156403387468287,1,85.65565169055081"
"75,22.066088096874147,60273.464957056756,63.22617841260772,0,2.777434929228587,0,73.16083206520725"
"76,38.19063262525978,59707.04415799347,50.93458491766353,1,2.3348597007155876,1,80.73620659408274"
"77,66.61834089398623,49295.566601932995,53.92044503868506,0,4.293933523105714,0,69.00957011522638"
"78,69.26608920104854,51840.24879940975,41.35103887571577,0,3.1795233015374613,0,80.326469762995"
"79,66.97412562679065,66410.64068206196,62.752470129219724,0,4.848938618561858,1,86.642018353782"
"80,42.684223586871724,39219.592223332584,38.141476707611304,1,3.404408154071417,1,70.47133524913495"
"81,23.614619016182054,68895.81075424532,58.32092018373946,0,0.587449182080189,1,77.16050060751039"
"82,18.0,54172.39399321721,58.20607475908671,0,4.056041606458555,0,58.07977486891994"
"83,37.63154206140707,72383.35612304349,40.258325718277774,0,1.4904483775300452,1,88.01693411856795"
"84,42.62311643820768,74416.40185848124,69.83373599422575,0,3.230533667211339,1,74.8729573354782"
"85,60.60750481267151,34903.7398124139,52.31528480217519,1,2.225315942336155,0,61.77388495557703"
"86,55.41366551450935,51276.28855159173,56.53892610271024,0,5.142711034464186,1,79.14174762830206"
"87,47.72886094789945,47167.08468089064,34.72879204664244,1,4.439597927430135,1,88.39122427024756"
"88,34.3218627487063,32809.080523902856,71.17730003008565,0,2.258179358298242,0,49.20410582750224"
"89,33.47064530106132,44512.00085685884,37.754430597749106,0,2.8726423318788883,1,68.944462303431"
"90,48.049532244857225,96618.8376789801,60.248864327659305,0,3.2445980696492174,1,95.3676844583889"
"91,53.36461174607672,69142.6484431866,40.05228282068305,0,3.8634140715616105,1,85.09660512178576"
"92,49.70257514694701,88759.31952908631,43.81011197152317,0,3.0291519123250126,1,90.14958390213901"
"93,32.584824484720144,72436.47660027504,57.88754043885447,0,1.9751051006191331,1,83.4082176220665"
"94,52.80801154550503,48872.35258487287,60.27552713675157,0,2.282441360799947,1,70.3578816327909"
"95,50.11093160521693,54273.43204988936,37.28715750885898,1,2.9955182036232086,1,80.90284493835071"
"96,32.15200312571786,68826.54270360462,60.90472169056994,0,4.234456978764691,1,72.52595626663751"
"97,35.58814835639693,66562.59305209554,60.44980495133194,0,3.427837860536044,1,82.79727556552048"
"98,53.2619516947388,51339.86976437499,40.62046591155108,0,2.2265850733849843,1,74.641627662614"
"99,42.18590957824931,37350.1024413119,65.9864759359111,0,3.64837277770979,1,77.1587698703007"
"100,64.06976761963749,109316.41781083107,35.43142371751962,0,2.61301516112184,1,111.00051136836018"
"101,51.013551312774915,57882.75491485791,43.75227417222385,1,3.890408005186841,1,79.71152265761835"
"102,39.16042574172877,55113.9166022607,54.790026240919886,1,5.527010418328605,1,87.33684719544719"
"103,44.87753279530881,61700.01695857953,41.46433715297394,0,2.6411736290564507,0,69.7001175630558"
"104,45.76060071165262,56359.07116033457,52.63819085679341,0,3.801605159726371,1,75.33034004743473"
"105,36.259316241099484,61840.93361558225,52.41076078803295,0,2.2546066679622703,1,88.89550856564075"
"106,34.04894162186848,79304.20929174629,48.12925730077279,1,2.8877362328087024,0,80.04064908880235"
"107,53.41667872571399,58131.77280470364,58.32400538590559,0,3.0295622868721015,0,71.0402194369996"
"108,55.14327956450515,42559.34341008358,47.716392073423606,0,2.8063163399556195,1,78.21900576794168"
"109,52.2453776346355,57575.34308282084,52.31541068813806,1,5.463013688775024,0,73.99616112326274"
"110,63.18381713188562,53033.973278851336,61.464718774879024,1,2.6934069253216175,1,79.3405995252788"
"111,38.49872116786078,81358.48405870277,57.9068621002584,0,3.586851538784868,1,82.6305728347551"
"112,65.09124919285357,77566.78597106357,57.86017290814208,1,1.0699131306765677,1,87.03908612644571"
"113,34.188946577350166,61612.87500646198,38.508203977832196,0,3.4319965633696103,1,83.92591902830786"
"114,32.84777323957809,40818.96217771115,55.24792575501322,0,4.142054592352247,1,72.31214874049002"
"115,23.880493414209,41611.616048400814,41.21501209030495,0,2.472402657420949,1,75.5222466923699"
"116,39.65045623407819,60226.8489237683,37.18585020221974,1,0.48977785895958714,1,80.36588259941675"
"117,38.95533195804656,65044.84453981921,49.28293653715031,0,2.961348231172675,1,77.89186800624344"
"118,51.311247363055806,54380.657710109175,40.9570481334841,0,3.017183850385528,1,72.70127511149707"
"119,47.92669129944541,52797.456236891485,57.906177188399774,1,3.724075050744304,1,78.10501916564574"
"120,30.684319547770357,51108.011502320296,58.14535459695324,0,5.010903035413434,1,74.89921674351295"
"121,40.28728513889019,59649.09059634081,30.97373763568558,1,2.6199463493996933,0,71.66593088005352"
"122,40.54245574694777,24258.564718904025,41.7169746042311,0,2.1437118763397196,1,61.88195266951451"
"123,23.688213036457288,43480.10056845435,35.40213328082001,0,1.8330821986285568,1,68.15036566115593"
"124,33.22863927583957,50594.23731828974,45.37370723407109,0,3.1980786170315993,1,81.38437033649969"
"125,35.75023643263093,78112.54792427881,54.551756698688244,1,3.479354258818502,1,88.34454106316892"
"126,62.20350023785136,47792.79537106606,47.577119018216116,0,2.4543446056374156,1,73.78730852958502"
"127,47.29740859148823,62707.022127468095,44.10240759332865,0,3.7786827457257894,1,82.92370495039178"
"128,52.94602504736999,63398.14126396494,63.00176526813139,0,3.4653840768191757,1,90.32072248678672"
"129,27.016374034209456,79468.74758491144,26.951428274037113,1,3.0432316896448905,1,88.39265523047504"
"130,59.3305737961679,78938.66110446226,62.368718935182244,0,2.0975852792558745,1,92.15134409193205"
"131,60.613224756289114,59137.45546807625,44.557117068445145,0,2.518135684515277,1,77.96964052783443"
"132,21.019860394264487,52867.72888215836,49.218909898872106,0,0.570244702317455,0,68.83737023981676"
"133,36.53619931300982,50042.50345761464,44.72636662279891,1,3.2357870641980337,0,77.84976226802428"
"134,50.949186876186126,56384.051663013284,65.42888105539119,0,3.0263412887474352,1,76.11227417125761"
"135,52.73266144245819,53489.499685146,37.6902150319474,0,3.1884789910894864,1,73.31037933931586"
"136,36.858063234153335,68304.41114037347,50.11736369721936,1,3.50431901556456,0,74.68873721119212"
"137,41.33400644335617,66304.64726227807,55.27438651859997,1,3.385821486432223,1,87.74144198761468"
"138,37.83142726745829,68877.01786717524,33.88997232114832,0,2.889616819353965,1,83.18869496884778"
"139,46.32501656335344,78889.25567154252,40.80101829553846,1,3.0486680431627526,1,83.36110637926923"
"140,59.36614237754296,87943.03682100265,48.51821466501771,0,1.5956835833038305,1,91.84745502389646"
"141,35.747494114305546,61869.950901113356,41.13334965315625,0,2.416279354310574,0,73.24621461921164"
"142,57.00984597322097,76491.9565709348,41.844082287808504,0,3.050471053683461,0,76.70298493391249"
"143,35.61993513183735,54725.09724248677,46.50137336923562,0,2.2641464240876394,0,70.29962463822316"
"144,34.82847345003739,77775.10475374524,56.495813316461735,1,3.8601507958725465,1,93.50456380939943"
"145,54.82313542011856,75922.63735763766,46.57282223121855,0,2.3413679190449694,1,88.92561594915514"
"146,56.0632365360914,75126.23954914487,60.784261944729465,0,3.2163054112483165,1,88.09012494587428"
"147,55.21691924115185,61411.04761787286,40.022422173406454,0,3.116565656815336,0,76.72608312284801"
"148,29.210431101382305,49974.62754013667,37.48077739526548,0,3.74627759361041,0,61.62741206389508"
"149,39.40858826313539,39082.07343201785,69.26345405721133,0,3.900791174028302,1,67.92077196987871"
"150,54.87586310403986,59399.44188718351,43.42041872334489,0,3.6940326109679393,1,80.8697277294068"
"151,45.498502086766734,82995.18813373774,36.8908799292784,0,0.8939937986168665,1,86.00372322699293"
"152,32.11568584563043,55352.326479538904,32.5794605822817,1,4.194148148013126,0,64.69110781833672"
"153,50.4998152695053,71776.89878190082,60.75103453808939,0,4.527308224194598,1,96.5349299940604"
"154,36.422312892102354,72659.27100778397,46.586954853399405,0,2.5178757156785307,1,95.5802063123381"
"155,66.53429818070654,55744.70668609241,47.462902649336016,0,3.2366469126728497,1,79.77210481136798"
"156,63.5380975490191,79745.1725627928,48.4079828841336,0,2.109168319869218,1,90.39780818465623"
"157,52.249169116266806,16370.088832792448,60.12942884669781,1,1.0516214932678487,0,51.67503553903898"
"158,61.33208045723728,41658.745818927375,48.204701660240794,1,2.2612847344576137,0,70.14323036145156"
"159,45.777496201480574,46265.5155546231,73.44053778832625,0,2.45986096053639,0,71.58007241962663"
"160,54.18524993250019,47704.27465698915,51.337605740542294,0,2.6451492686481846,1,67.730035277516"
"161,62.7326435436249,65043.944267788436,60.61784766958321,0,2.041085909994012,1,86.3037647898012"
"162,47.945984181531756,64350.56704580853,58.052398579044066,0,2.2665748331827613,1,75.81397839721706"
"163,41.937753941828596,65909.85858262512,49.63552679741962,0,2.9889936783715925,1,91.74027455930656"
"164,24.54453650187461,68941.2224119873,44.13029013979536,1,2.229773016889858,0,74.01600117954625"
"165,44.002397691342075,45748.431462815264,53.31963928566554,1,3.543524332550028,1,71.41768412848717"
"166,54.88107821474774,41727.35899789022,55.10098731207273,0,3.6816606513974395,1,73.91777300205955"
"167,56.347601130811555,65944.79523011795,44.27413951873473,1,5.380387746164489,1,84.87210211072914"
"168,51.052380788620916,50546.518895303416,51.66338865950656,1,4.125679932123462,1,81.2499542971113"
"169,38.50441086045312,36442.87431948044,62.36204978259596,1,3.2431030583284146,0,66.23163628138761"
"170,21.278141172628914,74570.16426812223,70.69947739069679,1,2.3797357033323214,0,68.11863192731909"
"171,39.05741882394318,80926.52859753446,58.543693203494215,0,3.293747351673999,1,98.10512370730787"
"172,41.34786154735258,83357.41334547989,68.62759686380282,0,3.326595959916356,1,98.16747879996451"
"173,41.24485239371983,62805.1158221208,43.70625788793544,1,2.4866869109943393,0,66.85926325906055"
"174,52.42267628373509,69388.98143959354,57.01882252059294,1,3.7837313967528776,1,86.38885429342477"
"175,68.82811693217808,80548.02335042866,63.385195085812725,1,1.6019019853181247,1,98.93758534221536"
"176,46.48235042209312,50378.76314964848,41.03666667028004,0,2.7556001644624892,1,83.16881336702612"
"177,42.39921853012246,76660.16526081138,45.14409887954991,0,3.555858459317407,1,86.06495957455124"
"178,41.88933824395089,64130.94351214813,67.3790476183525,0,2.712415852407903,1,86.08294298402002"
"179,46.49261720289257,73705.67478513886,40.2490114421306,0,2.7932455965707286,0,91.35211957019709"
"180,35.06047487581921,62791.39531313903,36.58869967344289,0,2.8622141388077194,1,81.43817683313978"
"181,46.442382704952664,79443.85064622003,65.27981573639511,0,2.1643987593122542,1,84.99005627923299"
"182,50.4097480359816,63352.85643812305,61.96763224980438,0,4.173900931574208,1,84.58333738456375"
"183,47.51623276289386,37740.314107988735,54.32120243983769,0,1.981962328077185,1,72.66607925943323"
"184,50.490503208057376,81778.89948472084,49.542892453541725,0,3.318159327409885,1,87.7924538816215"
"185,50.20497131218242,45787.03888541832,45.61475494395018,0,3.4136478982823735,1,78.27435634308256"
"186,23.737239813042677,78795.87315365871,52.81948873809051,0,2.0513780987910333,1,79.26117042316307"
"187,52.64244190074484,58646.35677839517,65.7980695740155,0,3.0731042543807434,1,77.85360096989376"
"188,36.94782185205055,77640.1647779656,52.38566126142076,1,2.0903678272552977,1,90.21436623896953"
"189,31.849930043952504,77021.52922300147,71.66959267246966,0,4.391042475055945,1,78.73208441592935"
"190,31.746578065740046,66452.14461473057,41.0205801435977,0,1.861217063023787,1,85.76032726285914"
"191,50.20249932567035,67628.02976440697,49.803192456717305,1,2.346102905768036,1,73.88843733441574"
"192,42.32910087330176,66339.42925788849,46.269413323360844,0,1.7757749916444194,1,73.53267888941954"
"193,24.816374592175073,29792.628655783832,39.14858456837667,1,1.642301273132448,0,53.217636224757584"
"194,50.7364537823074,61774.953283473034,48.46916266990345,0,4.591215290882293,0,74.89091813842253"
"195,27.724702430414073,43259.037358921574,54.1732930166044,1,3.542774673912562,0,69.53662294137703"
"196,46.67785630221853,62567.80715618494,55.2423017995203,0,3.140293425700544,1,82.49525704905425"
"197,47.86198710807665,42855.86180425176,71.70452178944556,1,2.3434230366530784,1,72.57051382395089"
"198,55.62692498034054,42225.720881608875,54.6446746972356,1,3.9076118110467686,1,78.47697653943905"
"199,66.38021743760223,84074.01752630853,61.50136803679616,0,2.175777560632547,1,87.65375670045"
"200,28.6238840891935,76041.71082186284,50.66094246298976,0,3.793639294330103,1,87.01105996986061"
"201,44.370313727243406,59937.86122583768,66.78055600452595,0,2.1274887233943636,1,74.1169355519981"
"202,41.68397645946939,62771.52975373536,73.98449285588069,0,2.3554922981243283,1,81.57435597031761"
"203,50.204996231531545,56281.25961385487,55.3108513097595,0,3.758282386117921,1,79.89044774834244"
"204,47.588025251203426,68548.14563969284,40.073409845484186,1,3.863827344155767,0,71.24778304907501"
"205,40.76944508716056,49859.18450176793,44.51194977222832,0,3.597472933896761,1,77.72379983922933"
"206,39.70917373666973,74906.10394301936,52.81934303205162,0,1.9503258842432052,1,86.28636792406749"
"207,31.60258973779143,56203.697384788335,54.56498035250646,1,2.553273134277171,1,83.56162649681188"
"208,56.85433898887811,53702.295062531564,56.98425134384372,0,3.156898741198513,1,71.6637039015453"
"209,50.51045017919435,60325.69527727264,54.60197681230041,0,2.1507190380899086,0,70.5216538208152"
"210,56.01321837354165,51132.797551115844,50.069849162559386,1,4.370962760129293,0,65.74989906738655"
"211,41.275246362293835,64930.23524244725,43.638015587978714,1,0.5980530560494541,0,74.92687146892929"
"212,37.11797437566683,51939.561160299,54.011382612642294,0,2.221260484630847,1,80.03419061535163"
"213,32.06021920044927,67027.85404228255,68.54987357480657,1,2.4904334971301685,1,84.54890956000519"
"214,49.30701100488791,78240.09808367214,60.19928605427755,0,0.15605633522823226,1,82.83241911179292"
"215,32.52248130566119,49210.174697877395,55.34703949636198,0,1.6037708697638091,1,78.64668762022859"
"216,67.1839568275986,58041.36814057243,60.29566923822751,0,3.6252895125420683,1,75.18451990530582"
"217,29.308289026878715,66919.96069553132,46.28935971099148,0,3.030283636552964,0,63.44648657217893"
"218,48.28392143055002,53462.1396752789,44.917348539166795,0,4.5731360220429025,1,73.49240183129128"
"219,63.80225648656543,66964.80841239997,42.52214895634018,0,4.545226445884819,1,86.63495611868986"
"220,52.18907711116571,68330.9829097761,48.747133772305624,1,3.4330463786039465,1,88.67355998285164"
"221,47.10808454990135,76248.92664441456,45.7799410329092,0,3.3132382490007117,1,72.9808073419089"
"222,33.378196236457256,50910.14930872632,62.08274740652139,1,3.0659311085789005,1,82.76833839339831"
"223,28.418769737187553,45858.37139654288,45.24676582317811,0,0.34491798212050995,0,62.116720898924484"
"224,54.24060130701103,55386.33915654384,41.972782837750835,1,1.6054404866739247,1,71.0240864447089"
"225,63.07376688929936,45483.7149067935,69.42577178830632,0,3.100675503098934,1,77.4861379055744"
"226,39.73380011426194,68467.47306071245,45.48624768918656,0,3.6160257087476717,1,89.71581687610141"
"227,31.331261908603786,42573.73049735383,51.53528457250351,0,3.2896698121381407,1,75.79155931604372"
"228,18.0,94995.24627379033,54.513228247434114,1,2.1075350322843422,1,96.97949184811344"
"229,33.230821876049546,79438.91792360626,38.63306881079185,1,3.9374062824694955,1,81.4173412360375"
"230,43.63611789001152,60188.636544004716,62.354837695030696,0,4.482444028754637,1,79.95499545391473"
"231,64.18947889004082,73010.91739496964,56.371190404112276,0,3.9379896002913397,1,84.15024537460735"
"232,53.07760430679562,35447.97203533813,65.58384011880781,0,3.9895993295904706,1,81.26652973370878"
"233,48.661024856481035,97850.59997099337,43.207780627819,1,2.440774202044789,1,99.15577605311442"
"234,40.19856406438643,51146.78081699266,50.9912579247616,1,4.075934122700799,1,91.97436397618455"
"235,38.00201139292852,58192.53879150961,50.39355754994195,1,3.1457586393276573,1,77.25577590027268"
"236,61.867771170095565,32161.00069217345,52.638884943500216,1,3.511555528522005,0,58.23705075828502"
"237,47.40886248910067,67294.30957111342,35.45385251422839,1,3.365431842824709,1,83.63682235863945"
"238,19.768791696947737,43404.83764384336,51.108363786922226,0,2.878512894559589,1,78.53341064999255"
"239,36.91752422523309,61524.83642349044,35.735360885762546,1,2.139997524877698,0,68.1830865649449"
"240,34.701407618740475,51835.883506131926,53.583340711969214,1,2.917863336445954,1,77.1609728230183"
"241,38.44483188987042,43833.84097604485,28.713508754814804,1,3.9867616174828227,1,75.05088238782534"
"242,51.75492792342102,47934.57747356074,31.484131657094135,0,2.5585241946870902,1,76.59362694352703"
"243,43.71066141846901,63386.820511282815,58.18548716439999,0,3.8933472626081462,1,79.57847985413416"
"244,44.07761511595606,40777.63540696763,44.53161544805217,0,3.7370706706176717,1,73.02201687132496"
"245,60.76167793590284,48767.82493464634,40.121419263677595,0,2.7010626029801696,1,76.84363484307616"
"246,36.64246692255974,69949.10071896717,62.70845621075548,0,4.388800103619577,1,85.11710376436527"
"247,67.3703943106482,99037.19812311471,53.27626217328415,0,2.644453328809294,1,103.1850654341217"
"248,36.94430890354697,67163.83229329507,58.72090195533784,0,4.509546862612631,1,92.97074147088527"
"249,46.070378359350855,46241.07536734069,48.33757927679169,0,3.4341269815409725,1,71.6485957547556"
"250,41.6255568551668,54493.28744891533,76.79628693900003,0,2.9841340815464865,1,76.38720980638142"
"251,46.48102960201153,60473.835092288675,43.95486139440205,0,2.112198619662346,1,76.40233640081557"
"252,50.335103940877545,54758.62574046439,67.44495549359888,1,2.9117397698649587,1,80.20186019227684"
"253,50.20602288106652,73545.872501054,49.38633959900087,1,2.79624048650558,1,83.98419639017781"
"254,35.96259203255304,63262.10224521337,33.45489605087254,0,1.7417036147490945,0,71.49344716184986"
"255,31.525023870629152,73617.78577364805,54.82848745748109,1,2.782384577282333,1,90.34365891057195"
"256,75.03806149086853,55283.34314553556,53.147625614551636,1,2.196196819902914,1,68.74494243420038"
"257,39.19218792479336,79882.50329581885,39.4867818576077,0,3.585991768978782,1,91.19991297399335"
"258,53.390549264063836,57502.71623577681,40.777807228652854,0,4.306280475728203,0,69.48423055681029"
"259,25.708304273721637,45432.151962930126,49.75302356915008,0,1.7730843237047593,1,74.46427001142997"
"260,41.64464736114388,92659.80571563332,53.497478152479815,0,4.712307728366922,1,90.51588601631025"
"261,43.47360739221068,32625.333795583247,25.293367171205993,1,2.8714489656148703,0,65.67595837148065"
"262,50.67378083913399,48918.919120426086,60.53121452523803,0,2.0249786150614857,1,80.82133171433445"
"263,18.0,50594.58222254408,45.055020261850224,0,3.757754780208183,0,67.88579745589739"
"264,46.993687356939965,97624.59409584844,36.68252515601824,1,2.553545521744952,0,89.75817138047984"
"265,31.203102535585288,87102.88326219768,59.41066551451931,0,2.918263323968506,1,86.56797188175153"
"266,48.892148534339086,82408.92215463296,49.763820205815435,1,2.5957217557879213,0,76.831242346471"
"267,32.56404963794205,55040.120064355026,62.16165776782255,0,2.1832620681351,1,80.78124364813169"
"268,34.734207648893026,96392.67005762662,54.379522629797556,0,3.7239970324019036,0,81.17104070001842"
"269,41.71646867528078,65525.28005761457,49.98485497051954,0,2.7136985971058127,0,79.78089300154899"
"270,32.37204636476166,74658.95055454684,48.47270055019844,0,1.5633482078207541,1,82.73350806814635"
"271,39.29358663917574,62695.4307165931,54.82712760556138,0,3.5510601242159328,1,84.35785099923066"
"272,30.67949077748022,59258.00143015123,45.8646874119067,0,1.7944176489762447,1,88.70293136526497"
"273,23.00195457961527,56223.319891104315,41.47427411253501,0,1.8467398273247413,1,72.73579850592265"
"274,57.215484629152314,56855.40009871257,56.09909122654644,0,4.1926062049773165,1,82.16160222060603"
"275,29.447415686112862,69127.37473017118,48.5551215855557,0,1.8036601007897881,1,87.30953536449813"
"276,42.8558293487042,65507.99698163082,50.33567648069006,1,0.6835551430725095,1,85.79201278636341"
"277,54.03469297792542,59527.92944694474,60.893798361546075,0,3.6228614849614957,1,80.47385371334285"
"278,37.62067076980748,82642.85989048282,48.86123392264259,0,2.6961365705188696,1,86.39246810197969"
"279,35.09800920305354,15498.703968889044,50.150339255417904,0,2.7823448788618834,1,60.76947874822522"
"280,47.71485706400906,67648.30871881792,44.003504885490685,0,2.6854996066498,1,91.21849771000474"
"281,58.41520587272582,70766.08059988469,54.30739933981851,0,3.231669939018727,1,85.33775949664171"
"282,30.968216818962375,77204.44302382754,53.49827912680088,0,2.247280758096932,1,86.16700196032212"
"283,43.19822601579073,59026.928384199586,59.00775131790558,1,4.476114874565765,1,79.3775535002944"
"284,24.210064860392073,63118.801010759365,44.20871162993124,0,1.5237695196906016,1,82.41528533007536"
"285,40.28158795581372,74789.22574972082,45.421830304098144,0,3.444874916677123,1,87.47737421672967"
"286,45.41045621445691,82367.4960642027,57.92137399145469,0,3.642121003876584,1,85.38457179643689"
"287,34.74450429893921,55491.96022231848,52.522130033628635,1,2.240348239166622,1,72.61939253997964"
"288,39.51609799409722,64004.636746913406,40.937818738073055,0,1.9762655547221817,0,61.141449109175305"
"289,28.1012787803106,85178.60946523136,63.065540677345005,0,4.017174214170156,1,85.93870398983165"
"290,45.924943336577925,28139.593861817233,33.015494315997486,0,2.009139245983285,1,71.42537229333217"
"291,57.668330986597795,49649.81100278122,57.84284753263752,0,2.393336059249433,1,84.16022903723315"
"292,31.834273562754436,81987.53967904445,37.347879640018036,0,3.8873089624597466,1,92.51608221394693"
"293,37.527938801371405,76388.06750412454,68.85788516485528,1,3.034741233539024,0,79.5089748718216"
"294,51.03055495745018,67836.67816390042,34.554002730943765,0,1.2028563323708954,1,82.56738157955866"
"295,59.54508863187283,53271.046903363196,61.52250651872748,0,4.747059144553514,1,84.93514771474531"
"296,27.081722253492824,46772.72251521871,49.18365639988756,1,2.469989241220034,1,74.82464373982222"
"297,42.97458315100861,51131.765711364395,46.33397430161256,0,2.5972427100935827,0,75.85020362765711"
"298,48.3975698678343,83220.12331228038,51.85396656467761,0,3.2557842523263654,1,90.24020714267293"
"299,43.77532331245382,50573.359662669805,56.31900339157813,0,3.625076797004073,1,84.22197805259722"
"300,18.0,61521.34446359487,40.9559949766913,0,4.961104291291467,1,84.74799162756041"
"301,51.013080111705264,48694.38532707381,41.84212274831428,0,1.3399318505943036,1,79.3282240534963"
"302,63.23203621308773,72641.61045148541,56.49604865112886,0,3.825952208925946,1,78.38315294173461"
"303,46.39994101403404,51919.105794803385,32.926570463504,1,3.7430096940500768,0,73.04799198230337"
"304,32.62672736046884,58536.09164768379,44.15770906807914,1,2.862835089125883,1,78.32983757187533"
"305,38.8424730436286,34749.26800435761,80.4068695415944,1,3.7872736948162222,1,68.59414098978442"
"306,66.23895681186711,35799.4764569259,40.319870354107195,0,3.9342740176365467,0,56.676540272176744"
"307,55.9195504903267,60115.09789982259,61.47802791759753,0,1.6180372150129956,1,80.9044883111312"
"308,52.68031942061195,40122.64267203357,44.14049231286188,0,4.74976650588083,1,75.2846601996705"
"309,49.27695100241251,91576.29959001753,55.09045144797144,0,1.4412377468618582,1,86.19619552466372"
"310,37.06635465370833,29077.153318316257,56.54355690596218,1,1.8646837187612268,0,49.462842903237856"
"311,42.59314583213078,47997.37052003844,61.289567351829476,0,2.738212326375904,1,78.08193005296974"
"312,44.06492717185781,60250.51300901326,47.99746173187224,1,4.924940513187057,1,86.80517598664763"
"313,51.594891792773325,54523.005933063236,69.88884638754854,0,2.6917433702466136,1,80.07350079831204"
"314,63.107026731202836,43437.81815004122,44.1066343541482,0,2.968066109949189,1,81.81445606951795"
"315,58.42005764151754,45631.08240757098,52.3422041359956,0,4.432078603904563,0,67.2081766885463"
"316,27.967387730447513,45140.18883751142,52.452769322176074,0,2.6996818574345274,1,72.74080342199593"
"317,47.687939626812586,55699.17457769906,38.780318800505846,1,1.8215632870693244,0,63.92057427971238"
"318,53.841160142014765,89278.93634276136,47.1412774502088,1,2.5827651647616854,1,85.36069279534678"
"319,52.426323961735626,61169.05944837315,51.61513499238407,0,4.370791833805777,1,92.48020031186537"
"320,37.449194839350966,77743.50734081285,45.6787895687058,0,3.0708649970551365,1,92.95550966915309"
"321,79.96931058922034,67604.64518742212,74.40923965456534,0,4.93065825905626,1,82.0207529054435"
"322,29.674985252026573,76707.93596973331,41.61376326400469,0,3.737934926262155,0,77.41978039326212"
"323,32.0017386400074,18000.53546109621,61.79424468140428,0,2.3551910636065165,1,61.78430934380611"
"324,47.803140975138916,55433.12968277656,58.56459813148786,1,3.051076304465078,1,78.02446464838137"
"325,70.40163665956624,79607.03134726071,49.861378654957285,0,2.1467818818581206,1,88.55531247127271"
"326,34.96566179154995,51423.96265875999,41.34790946147753,0,2.33156696935123,1,77.83775055297986"
"327,41.810059612236095,86437.09747304418,42.3174467960823,1,7.479084251025757,0,88.82998997861927"
"328,57.92752407618831,82258.35230651642,44.820327007834905,0,4.018624510033811,1,93.9229487833935"
"329,44.785654141347194,52963.039258088065,32.14258718053737,0,3.861097989006673,0,68.15006763667932"
"330,40.98475374563645,52452.54721430465,39.965345742007095,0,2.3768196846919363,1,76.19481642358346"
"331,51.78759482264064,44795.91236468297,35.17523484636357,0,4.569584066281079,1,81.43686326577544"
"332,48.27021588275512,50556.086522043035,63.45875003177717,0,4.099415601792937,0,70.64621336910739"
"333,57.365265427641496,41511.16403746627,56.184623923882185,0,4.881621289357771,1,76.60973650441404"
"334,60.49762666878436,66432.16770649508,57.85974098865461,1,4.833114148398449,1,86.30961458019469"
"335,48.68403672006434,38159.3025998035,55.888319515419475,1,1.520910711902478,0,63.07520582951126"
"336,48.500792704539705,69055.99524285333,51.66967623334163,1,1.8901605107300927,1,81.64286233338213"
"337,47.569331787433605,69421.18045350374,64.60680332129137,0,1.9962121845363636,1,88.230069194315"
"338,50.869566679791454,35081.933922241165,43.892373442682626,1,2.056059356667563,1,65.38528491302033"
"339,45.66204765445757,83247.27909492509,51.06669655367045,0,3.3234523642603904,1,88.4665957459917"
"340,44.992698212132524,67704.13941622832,57.47058827824123,0,2.433196547904182,1,86.58301330325806"
"341,59.359525449926906,71245.47032167303,36.78790768143871,0,5.0725985407625185,0,72.82780543950054"
"342,63.19339416426052,48620.021976858414,80.96588896142549,0,4.904679882081638,1,71.82604939958722"
"343,26.90936466439895,69335.68677709678,50.28565762777586,0,2.9935384059209604,1,83.13543027916158"
"344,45.12025382088683,76895.90174583098,51.41989450575593,0,4.95532621614979,0,70.75235628110855"
"345,36.735666798657185,58520.87401492984,62.56878031674922,1,4.488134627240202,1,74.17840621737051"
"346,41.268342402167136,90028.83688872542,59.149553330102236,0,2.549293440822741,1,95.96077434089725"
"347,49.83019451682386,60660.96952369407,50.38078019396459,1,0.9907846559744384,1,79.0161086979109"
"348,53.03326045850962,77111.78700678711,51.30129438098042,0,2.7820316150392705,0,84.80110088914215"
"349,43.65448267666386,64395.13210887983,34.95851469052021,0,2.355377868921527,0,65.98373170166826"
"350,22.039915983326367,68782.82299285302,44.435342221500235,0,3.20650562514583,1,81.81256346742909"
"351,33.419453033085844,34930.015985478414,55.172102161589606,0,3.089228286874749,0,61.78325709303855"
"352,55.75799604240199,65565.80607323044,54.43892839042886,0,3.0630176588992284,1,78.39996151000723"
"353,18.0,48975.37348114101,62.21165750004087,0,3.5236847413791645,1,79.36790670805786"
"354,59.249125820184,47304.02541333468,48.79498941776676,0,1.7874780529163214,0,68.82989960551554"
"355,51.254759887734494,86161.54776698968,36.12713486569134,0,3.411360277569708,1,84.27274788418792"
"356,60.79411297836026,56793.44627906477,60.56730430775678,1,2.560383846982994,1,80.65638790600532"
"357,42.61716975742848,44950.47253536755,64.36089346182015,0,3.199982199863687,1,76.73167543107398"
"358,20.26313491172514,54613.025578366876,58.9824457285623,0,3.9574098452321897,1,74.08716823106474"
"359,50.16435169807798,40493.24656617129,48.363663291425084,1,1.7756002267789703,0,55.23488945015542"
"360,60.295837488460094,81508.26702294406,60.44386051876579,0,2.7187063473304307,1,92.20014958312503"
"361,56.096661666161054,49564.788837502274,84.28910478008214,1,2.881465765971136,0,78.79696906580675"
"362,37.047702198143575,67939.49900915504,51.151523144404756,1,2.4857310284293592,0,70.93423415043142"
"363,46.04113290555176,80341.60071315488,36.88263307754875,1,3.8998294961329574,1,97.70682307914706"
"364,38.60596477464091,52497.70978177906,44.13714950447848,0,2.279611641199528,1,72.92192559432802"
"365,35.168802429727535,67980.3364840918,56.25476000304051,0,2.444599600557661,1,83.74242269210535"
"366,56.46466285415821,44548.70917643355,33.95195689101937,0,2.2900808670479353,0,69.15562730400819"
"367,30.629612264818054,96686.54353670526,51.69403074912069,0,4.0920554114388015,1,94.96915464045811"
"368,34.27420283302065,74045.70201924934,53.80336650315883,0,2.5075558875877832,1,83.56306755666587"
"369,31.751692398331375,57110.903418587906,65.35121739812652,0,3.4600453908835562,1,82.41820452672701"
"370,27.11702972041144,48407.49403666554,63.10194856054301,1,4.975705101230075,1,85.51254024403754"
"371,46.75697150211124,58290.051707405604,58.64584791751771,0,2.9251815796494145,1,81.83479772008856"
"372,58.93803658178371,54900.24416472721,28.373209894854703,1,4.112060680033157,0,68.56324898544403"
"373,42.78147892505681,89294.1683099926,59.21053128047925,1,4.671354084093128,1,92.7841406974788"
"374,26.931026393230002,41616.979166776466,57.05513386060247,0,4.027191560040414,0,75.16018578229279"
"375,55.07933447690433,62022.021349353054,52.55944377078347,0,2.9831986840222595,1,83.3778365163401"
"376,65.22842104841966,59724.929000494354,32.697778738545146,0,3.6421077589986135,1,80.35443141934874"
"377,37.24509211024086,58238.84549482696,42.2322609081294,1,1.7126214068646546,1,72.66480495203389"
"378,39.25734879938738,58370.75017592486,38.33177230465934,0,2.219956841850048,1,69.92049495322568"
"379,51.187927561000734,58258.93784819275,29.849915604929095,0,2.395324818368081,0,72.15654911930258"
"380,64.46248497342062,73095.99099498149,49.97084848585205,0,5.240612120174282,1,93.1503445555966"
"381,38.761990251297284,69134.76669738653,42.0217787855722,1,2.187415485744733,1,81.2965571928541"
"382,29.01060262802154,66283.6741705918,76.25305580268912,1,2.1725232487381705,1,81.07769643987464"
"383,52.57702327526888,14490.159567820963,48.312280605620906,0,1.9560790197510165,0,46.766320824012965"
"384,54.58881687770759,64496.92311244746,62.9375315586596,0,3.559811761930761,1,84.77014266643185"
"385,45.07357740522272,35165.40959744876,34.309009753067755,0,3.142621392668883,0,63.495095296472506"
"386,38.30240088411059,69694.80244703738,44.6991041399513,0,4.086758977026565,0,72.30174691300907"
"387,56.93254477190456,82117.46051355771,50.96897876034315,1,3.671259666077354,1,99.92950976340464"
"388,51.33643205457557,46106.41331117174,40.91846051392329,1,1.6196101532759326,0,60.68636501881245"
"389,35.77877379715808,56073.2891648594,45.77799315195256,1,2.1927222299896294,1,79.17875384974619"
"390,45.58913677566806,51009.664424205046,47.820490937564614,0,4.365328748275822,1,82.69662854439252"
"391,28.779509615704242,78531.47663635202,47.66092014555105,0,2.7967017554231948,1,86.14145551970287"
"392,53.230685477255044,61425.418279081096,68.55118573035347,0,4.187591818018013,1,82.3009252192999"
"393,41.85319716740573,85924.940708495,53.7822628543151,0,2.850319052084683,1,83.69122048955802"
"394,39.77147001138316,66206.31304421081,54.79510562941303,0,2.0323435717114786,0,78.87225455477325"
"395,44.60550617817079,63636.75270953729,55.396547743450704,1,2.696739222333294,1,81.22317707116065"
"396,45.483692391962975,61023.10173904255,56.12626377337112,0,2.031950204450304,1,83.26999722304768"
"397,55.73916073878672,72269.88148886005,49.17113016125135,1,2.4344472375975763,1,89.79302889880147"
"398,52.09308637590266,33934.707026319855,46.79253628521154,0,3.200925706565246,1,68.20243955328165"
"399,43.12308865448637,61280.15933280765,51.668160595182776,0,3.5116050903690206,1,80.64601364941083"
"400,54.164017796627945,58949.30334408053,61.568039489134726,0,1.4098086767457019,1,86.7963818124091"
"401,49.808847044299355,70881.2824073665,61.26238188436383,0,2.982631992490902,1,80.13351493266704"
"402,39.88080436456755,57184.47591188944,47.596015243115886,0,2.4133842644402477,1,89.432168586551"
"403,43.50338210116217,44418.98348755995,57.67843694668112,1,2.3515851910411874,1,70.27483583159177"
"404,43.221325333882554,60110.26012379549,48.05415336960332,0,3.1326846191330766,1,74.97479699501037"
"405,51.06313611809042,43757.39206697485,50.33870549435244,1,2.4495481273107877,0,65.23045404389029"
"406,40.5957286233403,31121.06681118772,45.264766184458026,1,4.3821379948466745,0,71.05545130438581"
"407,40.3150897629404,70906.8372222824,48.18354861093766,0,4.18806187625106,1,76.18986368824683"
"408,68.6250877132075,68685.92359042006,63.4133006954968,1,4.18182829394204,1,86.97726225019396"
"409,56.276825780965254,67006.36415990362,50.92421147339236,0,2.5050898045096983,0,76.81562517194851"
"410,35.87279202689833,79543.92632918716,51.35282508552318,1,2.037501165080678,0,77.2031004591069"
"411,51.85129192730638,50024.52164544112,35.527822207420414,0,3.0820299293881157,0,69.57017014443264"
"412,46.42020078786213,38533.28785843117,46.907560923672705,0,2.8496516337137328,1,68.74489111826828"
"413,49.69861410312112,58949.55334787933,47.58685096255272,0,2.3911768375766354,1,77.46401498986825"
"414,46.64809589478126,54787.495504411345,41.70856514556595,0,1.8242655533330385,1,77.29710699811311"
"415,59.27571174582283,47365.56424844897,50.21665411703564,1,2.9584820307319286,1,71.59114205903367"
"416,49.14744413581735,58802.26269768306,45.70817709772346,1,2.5959305497475267,0,70.28896192525204"
"417,44.25493562142855,50825.92280693123,50.79995855243582,1,3.6883470370380196,1,75.76281384618825"
"418,57.50628692379621,32459.920749647532,51.215030098189345,0,3.6651060515214793,1,69.31645590768149"
"419,47.79942049305446,53382.3496380936,40.44245642177356,0,4.100799805422717,1,81.01605381187424"
"420,46.457742951948696,42954.372499442135,46.012982175168105,0,1.7407044481199618,0,54.11678938747118"
"421,48.768271229833374,63474.72107416384,50.77374282760834,0,3.4010583076936327,1,81.84211168188801"
"422,43.8766917196036,50159.47862639018,61.84299431156725,0,2.272534293766328,1,87.85625688560381"
"423,45.11072391594563,76674.47211211578,52.56719172795741,0,1.7795857891889153,1,81.17398143616388"
"424,37.95966493485753,84057.99100901799,43.380648200825725,0,2.57139776305129,0,85.90378358995605"
"425,35.985993364513455,70190.72059517859,53.99004759243852,0,4.068704980134617,1,85.20313216319397"
"426,33.01715536221073,36734.6072702502,67.07548889321761,0,2.6276816464295156,1,67.08291471705766"
"427,28.29620055843509,82577.93998318558,59.167064725890185,0,4.565454659959112,1,82.90995147943599"
"428,34.44339166338532,83635.80675560648,55.4752653043562,1,3.5488785155203333,1,90.43617450742354"
"429,42.90879558639689,60281.85766961911,57.25590175482321,0,2.605909521019423,0,77.75533577237626"
"430,46.237410989347644,79843.89240503298,64.3995404142863,1,4.160048428906409,1,87.94328107808926"
"431,41.74444124222831,51724.87292929983,60.7562679401766,0,3.4453967721142855,1,77.21590358995033"
"432,18.0,32006.31097725616,55.667603811176576,1,2.0674406115532946,0,61.30833113109675"
"433,63.89503629314811,48595.73342067609,60.686422195900846,0,4.858802635580515,0,71.41919306278108"
"434,58.03776147468458,85939.51299067134,39.183489037359394,0,3.2594788230864764,1,84.92578550358328"
"435,50.34911821460555,37633.80114582789,34.97734747659719,0,3.018796191985492,1,72.99790531265603"
"436,67.88988807063922,59992.81922897242,51.5709865064383,1,2.144467330094384,1,90.06286491605638"
"437,33.27163059019547,60512.15840010318,50.68680709650538,0,4.179538267607738,1,80.69095110080953"
"438,67.65150144751206,52305.38634048282,44.560899464867425,0,3.5172754273613065,1,66.79367787544649"
"439,33.417431078993424,53347.17600244327,58.258526698277095,1,3.629238180295241,1,79.5250790110682"
"440,47.86485510349628,61083.73701354304,31.37136413548764,0,2.4924686564742315,0,70.22167304322605"
"441,29.713952098389548,51567.56487097909,44.652277439421965,0,3.8341005719100685,1,67.52022954615256"
"442,45.1763291465324,38669.12254248103,45.15044455122385,0,3.911813593570802,0,54.71869235623338"
"443,49.63399797598066,63225.47914415184,33.636982149005405,0,2.3312217612188775,0,76.99410458067796"
"444,43.14371602638534,76100.49873667458,64.94731007269304,0,1.583009860319009,1,82.35906525758817"
"445,53.566529329081646,73043.58777980131,36.40798731336677,0,3.581373059338924,1,82.90170458861986"
"446,46.18817339384709,47853.96798915283,44.116599426923145,1,1.4266530503942603,1,74.7235341707029"
"447,38.73102325946989,41231.58126933486,59.07979757805134,1,3.1520157778377795,0,59.66633246435146"
"448,38.19824018637193,55737.181767678325,56.46045343428732,0,2.552754895212693,1,78.6571437807674"
"449,54.73096527138836,83516.87264693496,38.91825303515253,0,4.218665210788921,1,91.2411776073606"
"450,37.15509564231639,69683.97118439319,56.82489209260636,1,2.607156109232793,0,67.67484502490694"
"451,55.984835645819246,70559.4701519135,52.89784478658222,1,4.107272972003804,1,84.55210101014346"
"452,59.67254151398317,73347.85427678243,73.33035562111468,1,2.485790555636974,1,89.50879491316638"
"453,24.97543365184644,66311.49843777879,54.03940416068305,0,3.999991005059611,1,82.43172574553697"
"454,58.595116647612414,61809.12821420368,48.58758178931468,1,5.060341543836832,0,74.22172377355301"
"455,69.72507238133639,69934.60344971952,41.43498042880577,1,1.9319528616337596,1,96.17883211322538"
"456,48.02404513442314,51807.5084367297,42.55756633044429,0,3.292035721730908,0,71.81422409244661"
"457,52.18901022353787,38783.054829505185,41.74230904531842,0,5.748782415910065,1,79.59335521099064"
"458,57.4440638924299,70844.95401936484,63.71098813911922,0,3.0665888269029216,1,85.70581701953665"
"459,41.694212217851735,78566.07158623838,50.17969915016471,0,3.0617882702296484,1,89.14600642422062"
"460,47.187362682454435,43226.52090965953,55.6524712397473,1,3.7884989473510196,1,72.8846438423616"
"461,29.22960564452269,72328.8222362385,65.14247599980887,1,3.041080864094754,1,88.17510297784412"
"462,46.66362034236541,85211.48570082284,26.41535857792535,1,1.2927740054294474,1,89.23317599841403"
"463,50.9773439477345,59966.306973643186,62.78873764700375,1,4.132287374838938,0,73.50197582875467"
"464,51.19395627511763,47729.96722887381,50.55396911783334,0,0.9970515861348073,1,75.81208029874499"
"465,57.78509668317096,61845.280102901335,54.35048371640444,0,2.583208348861658,1,82.49235398153968"
"466,35.70237386237365,51741.99047698948,41.71596778251749,1,4.2074257491566485,1,92.32391451213732"
"467,38.60871891991804,50749.048350653975,42.44875601551482,0,2.643457571357214,0,62.942160901865556"
"468,67.74608815189626,66497.76100907315,54.888458898129876,0,2.306303507535596,1,81.84019837405388"
"469,43.19605951483548,35944.05787455157,73.8459780033147,0,3.8792639051665607,1,75.27112395949621"
"470,47.400405447747936,38341.0661626166,60.03313312814902,0,2.1488852131656135,0,58.81973018497803"
"471,44.19587949929735,60289.363205609145,62.655229214185404,0,1.7777742804080463,1,78.50052084975538"
"472,35.139830084339735,59665.37191631353,48.0799872973858,0,3.2745139874932834,1,74.56768819817592"
"473,64.48235053070167,65153.31865559904,43.99795775414372,0,2.817076701587409,1,87.22101347359265"
"474,38.66758305695273,88128.38082725083,42.19195048421007,1,1.756326885811158,1,93.04445836766529"
"475,31.47257371551684,61567.71054113732,45.11726275303312,1,3.63695253999487,1,79.10794332038527"
"476,39.59111667236698,68972.58225502192,29.472175668294746,1,3.464487605577234,1,87.89381809610762"
"477,20.9795279792936,45367.005965780525,42.750806571083984,0,2.640244983394368,0,53.0663261022891"
"478,37.184550420201816,71519.06495274806,44.396468439401566,1,2.7086679938750535,1,80.95874841064773"
"479,33.38245682577208,52104.137023339834,48.24641825605159,1,3.4703927420091567,0,66.10631875446582"
"480,52.40914357112789,61071.3124887164,51.31750109747292,0,4.190361419752066,1,77.16031600388624"
"481,36.91902912528153,58367.27062396258,53.62450868625611,1,2.717206789890675,1,70.46901140693211"
"482,55.653647226946184,75494.61352371046,49.8507462755704,0,3.6546884930081447,1,87.14748110139308"
"483,61.78180791683185,40350.35168437501,44.18556913657243,1,3.565200217084599,1,78.64058207440459"
"484,54.37410403545119,25751.42048077441,30.366413567344793,0,3.8793072927089765,1,75.25196638715462"
"485,42.41534053367908,56798.50954368113,44.24691391598206,0,3.0393091987434655,1,76.65594581380826"
"486,46.69337396046711,67027.96885357687,40.27549362312995,0,2.087674485933642,1,86.81674371433236"
"487,26.700180718271284,62284.0406371125,54.66066748278604,0,2.5375008468000306,0,72.7963451944905"
"488,43.39464752974512,78483.06356120866,59.092873966936935,0,3.3428534657816478,1,94.50001382175579"
"489,34.674738383198004,66560.59011269502,59.385710670599394,1,4.818464378381593,1,82.19552623433307"
"490,53.33191657379159,51542.2750221021,57.569527361278205,1,2.5159803768037214,0,58.97038349173961"
"491,75.87302867093368,25118.697687904794,48.664742645475116,1,3.804787443527399,0,61.02954115919093"
"492,50.997859631685714,56440.31648707172,44.78044434524104,0,2.67194354932324,0,64.74449869260724"
"493,21.106318212544004,75419.38503386697,42.52897246332934,1,3.110468755886136,1,81.14923529420005"
"494,40.66523768502752,54119.28325999328,34.9250108339825,0,4.5153967492635925,0,67.82045875164502"
"495,46.469891104493456,60424.80395516646,59.918537005078576,1,3.7642925814204333,1,80.13370660090656"
"496,46.04828910312317,66320.40381460064,48.25288962070026,0,1.7587007272590431,1,83.24774735243878"
"497,36.23024249269496,44770.61438625276,37.53659706379126,0,2.4275249761884092,1,76.98907156681942"
"498,47.94350091164323,69348.53844958227,41.73508624289765,1,4.256221344441359,0,74.1000646301705"
"499,30.08998995696735,84556.82685002558,41.33026543567448,1,3.141878042628495,0,81.32371970284979"
"500,33.661095327779194,57407.7997215989,50.43024485015127,0,1.8511598803841365,1,77.88423737537731"
"501,52.74957169924454,43064.03367251548,60.674678510706855,1,2.181047555026279,1,78.92288066234389"
"502,32.81204122944209,59000.98459467039,46.52010450404417,0,3.703493522711172,1,78.90143352344973"
"503,51.458539265907085,26634.238370866966,27.474664852163507,1,3.9944102812176303,1,68.60044412103883"
"504,28.566434704127303,65053.54895964924,48.1081966484108,0,3.0178553014821743,1,79.42034505546363"
"505,66.17791060550084,66784.11566472868,48.438060999028046,0,5.475313800936102,1,86.90044566739797"
"506,35.708760931151346,85134.54440768342,47.75079769064478,0,3.8241523634556387,1,86.76657510522364"
"507,42.31600113835867,57090.078111500625,43.72538833524298,0,2.7565189303670996,1,74.85986007201222"
"508,48.96735913308487,66127.28007219706,52.174390807258426,1,2.184293951900656,1,86.97391003012146"
"509,38.21580056998687,47080.67846421148,50.661411151490015,0,2.0251156953609586,1,68.85793558304904"
"510,46.720871532855654,54653.59319212382,49.75169685873353,0,3.3354213204803695,1,77.60627103802987"
"511,51.90428069424151,37122.21845006703,54.12641361442966,0,2.511222955086593,1,77.12500774487523"
"512,56.52735879004182,57078.155680751464,45.701671768521464,0,4.673743753983425,1,80.45948917947348"
"513,54.497969231675484,55420.36269722153,45.134143302993465,1,4.4663118029178595,1,85.33469371281832"
"514,42.93827443436791,64487.99649133344,63.801232895854,0,3.6330665474972275,1,80.04025067433373"
"515,43.24041871147677,50646.04679501041,55.59355409715436,0,1.8210038270431044,0,60.78344561903537"
"516,73.18930269630039,61250.180264626375,58.269460609427995,0,2.327781127447595,1,75.70709800293456"
"517,56.3986688189915,54999.299165885015,62.26104585334068,0,4.255677525741101,1,87.60774891520936"
"518,33.93811612415743,55027.509175507286,55.259441806248,1,2.436933800204898,1,71.6700064146105"
"519,46.199857965186624,61205.43488944545,59.28388679136171,0,4.122141733919524,1,86.13580609005793"
"520,40.97828233466169,60607.84413475515,34.206548379297395,0,3.474603923034761,0,66.12091389182913"
"521,43.37598919292268,71417.61058577457,52.04153871996027,1,3.051717884813187,1,91.93293705115175"
"522,30.246058107502947,58190.35448805248,48.17281538185672,0,2.297167187064559,1,89.17239497869843"
"523,40.05692118736856,54751.71976315495,66.7768409089981,1,2.9057561564752485,1,69.79833465072736"
"524,66.73866927832697,57287.88832369161,59.276455318033,0,3.189647954874898,1,76.71695845041519"
"525,51.948915610506035,49280.03824738511,43.6955480920682,1,4.032538898301121,1,81.99859729766166"
"526,18.0,54601.33359649993,53.72794158529206,0,2.1142643993662453,1,77.89715957492206"
"527,59.600681909975364,90467.38069609847,51.6768133344924,0,2.737183157473885,1,98.22137626921699"
"528,58.07555427490993,46309.818589562,54.54331433152229,0,3.0448231319322847,0,63.898563616839745"
"529,40.688576348323004,55820.154991810356,39.81157530625348,1,3.662678357686165,1,89.26473312282221"
"530,53.60716252539858,54187.67005095464,53.600164652382254,1,2.0915356624772232,0,69.29926013635237"
"531,34.687209470193594,56292.425816334006,47.71848650711766,0,1.683430207112785,1,71.24762255502559"
"532,39.35693140480371,55031.41036682407,52.824497640556004,1,3.67396515171005,0,67.62168690836332"
"533,62.98255632803824,64188.601518314994,42.756148348778304,0,1.4820508850532967,1,77.1415024670283"
"534,41.7392395215635,34347.37347912308,44.149368286034004,1,4.284979714762168,1,79.29556390838584"
"535,22.563220056540107,75557.57208798006,61.738420203667026,1,2.844073902517092,1,81.45295364885914"
"536,44.24036132662396,69488.74199463296,39.48452441659839,0,1.4524689177255536,1,85.84392548841913"
"537,44.05693928502772,41356.92620905298,40.222455989579515,1,2.519579780596506,1,70.61076251169027"
"538,59.380422832481514,25963.84090571398,49.48418742784422,0,3.3791236330692374,1,65.94994100317656"
"539,45.17203706610912,45343.917807878985,42.28109624814046,0,2.467298912445022,1,65.07733905331328"
"540,39.941012262716484,56360.00307859316,41.14971367737201,0,3.0200297488243475,1,81.94499927172122"
"541,57.54067374277447,98704.37848036163,51.05075971208295,1,3.7400783657052865,0,94.72378772213226"
"542,46.44948279001332,68148.8544746141,34.94934143096295,1,2.7978096646123802,1,79.56289989371112"
"543,35.999727821211394,32886.15526227813,39.92037765086362,1,2.0629423235338664,0,50.67864317086614"
"544,58.85997072649941,49655.167426485845,70.54095582923644,1,2.701016002628159,1,81.92545705903595"
"545,47.32394117420159,59201.81345590525,54.59475058969009,1,4.41484013645926,1,73.71378486341841"
"546,45.03511160015325,63805.253314471454,42.53436647730089,0,4.685064345333184,1,89.87132864181176"
"547,47.13490069693985,40278.76709534366,54.18215078266197,0,0.9800738260577249,1,67.08708035390453"
"548,32.151979543000834,57975.14658034408,55.67330476986629,0,4.091027909191477,1,74.16161519966776"
"549,38.66815468585995,49235.41293584189,59.944144200902386,0,3.2501477160353565,1,77.4034109214075"
"550,45.0429912219934,43443.62156096526,48.7284397054327,0,3.92398267912015,0,59.83023746482437"
"551,42.66403565970384,63893.93470048431,59.76497702772889,0,2.4495117397323707,1,78.24803143148395"
"552,60.26914059379914,71608.15760164234,29.615534751178274,1,1.231736490498514,1,87.4254759557907"
"553,47.608870232724044,72615.61915442429,39.43691869524247,1,3.584488788647462,1,74.52916403012685"
"554,55.25884707163683,68615.79526700814,51.638714017364556,0,2.059022738717283,1,92.83151723458239"
"555,45.11274425491019,52539.45700289606,53.296335328077916,1,1.6117075685151476,1,77.03462394379025"
"556,57.67546180495348,70718.24642195259,40.88217712331358,0,1.6815986175265336,0,68.93529358127996"
"557,49.77033307887785,64635.81657156432,52.594199912631595,1,3.6009137824153346,1,78.62586411601157"
"558,45.16104582466152,62009.1282442802,43.7615975131274,0,3.1394524660291974,1,86.7895497443056"
"559,44.84060293249176,50824.60317447303,47.230409057728345,0,3.782466021874674,1,80.84513905590865"
"560,33.54673648450844,52546.858089877074,60.24773800665011,1,3.6690752544963647,0,74.24258037442483"
"561,51.08298864163573,61108.30404186831,59.089374968886,0,2.5790664354162343,1,78.20115940522271"
"562,44.517543185563454,96598.11700478251,40.029396726367374,0,2.9295264261225444,1,96.91754144712141"
"563,38.97609647782554,64518.63720137085,39.427485379798966,0,2.4885624712174605,1,83.82875406422325"
"564,58.27754124974486,50832.17246624571,45.88826604446684,0,2.7896722271345094,0,71.86869839444157"
"565,29.997407689262385,47514.15832545836,49.73253698827075,1,2.032745262018934,0,69.26800592588508"
"566,39.93004925481079,52623.500810156955,43.42101511425259,0,3.390484293874335,1,74.1684731554216"
"567,57.3326249853544,92659.40171323599,60.40642442799668,1,4.075120748981757,1,95.48626844421284"
"568,48.78627529104304,54011.15031081057,53.47389841708555,0,2.183386970179013,1,75.17904850167102"
"569,44.42569286816691,73603.05801915427,54.060851098744294,0,4.281269645401343,1,87.0457488440176"
"570,48.01204251780176,54361.076317929655,37.334611710550284,0,3.113521496477942,1,82.52861588644926"
"571,47.1529700525861,63917.76811919443,61.6729071738378,1,3.2410789764058134,1,74.60508993275754"
"572,26.800049444568945,71876.17911013083,21.798311777593092,0,1.3005704803924818,1,88.01779082011964"
"573,40.80885737582446,51421.45725285114,58.34055451849369,0,1.192737690434266,1,69.90774816975157"
"574,64.39825985416499,50383.325187708455,59.34311737670771,0,3.1441163627796818,1,77.57159755223748"
"575,37.08811038267399,84883.04541682995,45.675988127220386,0,3.7897321246320077,1,96.91352452953562"
"576,41.18038783074799,74768.89342343695,62.72910217247424,1,2.3286195563550476,1,87.52854038745065"
"577,38.50055084028975,71860.08478036092,49.36902447045654,0,4.6700939005830895,1,88.02781385795811"
"578,43.95581732018235,71809.14439684371,50.62431703327443,0,3.7349359742543156,1,80.20405804368362"
"579,38.00252602410842,66893.63232466599,53.39528787404216,0,2.091658748292015,1,77.01060285179165"
"580,50.84089802589672,90266.63719762597,81.86574911811056,0,3.0308486670535073,1,98.32170559862747"
"581,47.3677609474832,60658.62452815735,63.44433908083005,0,5.476929133723412,1,80.43605148556804"
"582,54.282571381284214,68658.93550801379,57.01131200712918,0,1.7574359972002944,1,81.82322077259492"
"583,32.38870600573247,38236.30607108981,40.87195513398805,0,3.5282699389151055,1,76.17576523541481"
"584,40.91591420540516,47625.58970113139,51.43589825479492,0,2.6772554472766577,1,70.03406393196676"
"585,42.29132842065438,41987.71500247439,41.86875906153614,0,3.706896290918512,1,75.33591154022129"
"586,50.46776292106314,79110.95375274224,58.22110847282813,1,4.267273646318381,1,90.31951334109637"
"587,35.48134563351559,21711.89771968875,51.404669757348564,1,2.6137629112886325,0,54.31047535094176"
"588,55.98784565110013,53965.34965870916,38.754783203861045,0,4.118912271707174,1,77.8878760865719"
"589,59.23698708621131,15094.400960090657,50.81124583418503,0,5.221203394271961,0,53.23914590075832"
"590,33.133531828372995,47530.68156777165,41.505825302836946,1,3.066274737344235,0,59.38682478084702"
"591,39.10952526127721,52635.765754022,51.51216221337547,1,3.784888687494185,0,70.4064949079384"
"592,38.61682190049489,80773.06640691066,41.409226836347436,0,2.409559229796725,1,84.75781017906746"
"593,76.58863445612998,65949.41908832185,50.27487633360813,1,3.0192593090312125,1,91.29776163400297"
"594,39.84119873750536,47502.877150065506,57.50469861935095,1,2.8233249072917577,0,64.12115545165689"
"595,65.13150530587362,75989.45579597738,49.46948008074894,0,3.7969359256585955,0,74.6542291424"
"596,29.800416058720685,60267.48381794636,46.09111732827611,0,4.204675935756925,1,79.26170647091405"
"597,33.12418840602764,60563.50288060879,52.032762210574624,1,2.8903451508825406,0,67.79581011786993"
"598,36.76074561782159,41959.927383420116,56.97182620792853,0,4.533622845732923,1,79.13246085037679"
"599,34.85172826264173,45149.79429145291,38.9281673011824,1,4.530047441561629,0,63.32412754983698"
"600,41.785215190098015,47623.54050081714,52.606561547052024,1,3.846853743179901,1,74.92436880787895"
"601,36.49466156734202,60696.91909731284,63.175408190174,1,2.483973468278272,1,86.97314609774413"
"602,35.16790088718512,61168.28590471012,55.73656963276715,0,2.388171183260097,0,72.43597800452739"
"603,58.90166395767993,83161.38995286067,50.57754146667228,0,2.1876186453099615,1,99.21834737317772"
"604,59.68552347015798,65775.82751906752,56.39737506698895,0,3.949166070238161,1,91.73344123115287"
"605,56.39155798050379,19386.51459491838,54.52496456102682,1,1.7882317925106357,1,60.38853412821197"
"606,51.28798746701194,63939.62981807536,57.53601109159814,1,3.676837654111007,1,88.59587506922068"
"607,46.11291678935463,38249.75465748701,29.760683890170554,0,1.918890652175887,1,79.07282252404394"
"608,39.03563171200909,45510.43613082695,34.46543866336735,0,3.8235461198419736,1,82.83064018102237"
"609,33.562109942938896,47817.45792410505,60.04829149483237,1,3.0172195827305606,0,69.83744974800379"
"610,49.35594844119225,50049.92514731547,34.94720823838559,1,4.333638561859828,1,83.26009072707916"
"611,30.916435289438425,39372.75911939546,54.01538635719205,0,4.141454578321271,1,70.64060562098129"
"612,33.07294884989528,63052.23005178432,46.47950343967708,0,4.435065412002111,0,67.88932881355707"
"613,58.834959074457714,38837.965723635614,40.03810754404003,1,4.460818718289113,0,63.22625057704403"
"614,67.80778850066504,65350.0141087477,53.496497571474734,1,3.1436308339881975,1,77.11174415359234"
"615,49.719541657997766,93554.56615592443,52.0103350371657,1,1.8412069335753953,1,100.5807227521384"
"616,58.27748582753573,40059.61411598904,71.10342652096378,0,1.9474769450026215,1,71.99311098806271"
"617,42.0498201906722,55732.345434911666,43.751887954641106,0,0.9131514706840624,1,83.68509501490394"
"618,28.947909766947788,22148.13956231295,64.40110120069174,0,1.9163341665719065,0,47.12961624876949"
"619,52.34605942342301,55485.970605448005,53.524229143843144,1,3.068823657704649,1,85.29717771569626"
"620,51.831471879240766,69640.75728947225,43.389781184572875,1,2.440345819174838,0,72.51732346815625"
"621,45.86002264656293,70809.58847035901,57.99246457517245,1,2.8198643955901486,1,78.74388212772614"
"622,42.09149450273866,61160.45595426145,55.65738504453951,0,3.492715419461401,1,89.60309442834637"
"623,56.54652694297317,73338.95137138464,50.35843294858049,1,2.695934741934242,1,92.68353938310244"
"624,33.17120359887031,98190.81803914189,52.66295356440624,0,1.8781711995874157,1,95.15494663614265"
"625,35.714633053312106,85684.57031156399,44.03012968954468,0,2.946766332436568,1,90.37239392158088"
"626,32.90272191887486,52162.18605885545,41.74212874745493,0,2.101509513227155,0,68.03390432010698"
"627,46.01967555162992,38233.44020299892,57.59442173822583,1,2.729213503020937,1,73.05185732836637"
"628,31.945283854688903,53907.72875139295,47.76060575686726,1,4.342776964423003,1,74.27046168670712"
"629,36.78909383381708,45795.25851573978,49.199170017509076,0,2.729494695903825,1,72.12034719747608"
"630,36.53093325327362,66770.21321796949,52.79821595944277,0,4.7709575533477455,1,93.98153381538687"
"631,41.8727000119925,42282.09690855753,52.65288344783808,1,4.43163598693797,1,88.0062012673127"
"632,27.151506643152278,58907.66351114487,35.70673529025935,0,2.420694691420957,0,76.02811434806337"
"633,46.046459904447204,72570.21081804465,62.862520864548586,1,1.8888762335842244,1,87.53495100534307"
"634,59.96764380797613,58489.56190774235,51.21182151900678,0,2.9474458380798065,1,80.06180065084872"
"635,46.62589646780114,45805.29265878305,47.973467371778504,0,4.153327763396889,1,72.31643945152602"
"636,63.495853737615846,77622.21086378538,54.308460051697466,0,2.509809093771312,1,85.74490494214179"
"637,61.0079782305231,31815.28582869259,52.36542193614863,0,3.908090298262139,1,69.18704609970526"
"638,54.332820566974256,55083.074161838056,57.67062689489702,0,4.208439989136088,1,91.58908391987038"
"639,45.89623011164263,59375.09964927998,55.37983672150941,0,2.225974349637394,1,89.15185383249917"
"640,45.270004658945275,60238.62987599447,57.17846228996267,0,2.3239489117114127,1,84.21300349533843"
"641,54.16559726835912,62707.44084117122,63.50993905727516,0,3.7126620321270067,1,78.66659980694187"
"642,40.29995268595161,69156.59729714239,58.83624548970972,1,3.1518475496415705,1,88.67939186072056"
"643,22.409750982390435,59468.888414319736,48.39513779671437,0,2.313938473456321,0,66.68659610017897"
"644,50.90404864923552,54479.12576784479,38.77098843923167,0,2.6478195518804126,1,68.2352636203452"
"645,31.427176440780343,53886.15983010457,66.67797933004515,1,2.929480447272581,1,78.47626912094421"
"646,33.45430526171538,50827.26296942468,47.62276626652887,0,1.4351455750445394,0,60.614886969806776"
"647,45.002687375949456,71813.14986490298,45.268925866394774,0,3.7656431064826954,1,82.1977760232921"
"648,43.85850146935836,50302.07280785228,32.63273182235561,1,2.521307811060809,1,75.27168555108535"
"649,28.055092724212436,72701.56663512366,53.384731053121115,1,0.2162837762019012,0,69.56754808272018"
"650,46.98589876959768,60284.98623389807,51.488866039537704,1,2.9761290316905473,0,71.0222035003514"
"651,56.59367593033258,52181.17789715806,34.848850637505194,0,2.2584287411064925,1,77.92692899469566"
"652,31.459901156810606,69276.10823616202,54.53274042133176,1,4.688822192302677,1,75.22844569974986"
"653,60.26979997018511,49088.19112915323,45.01808079298561,0,2.414554979080032,0,75.195290376358"
"654,26.277950098440673,69572.7606109232,76.90315007288694,0,1.902356636421389,1,77.06190094860705"
"655,70.40788973245144,63190.89181787677,44.30638807909132,1,3.507932669962016,1,80.3614999107131"
"656,40.0648748341982,51055.12966362119,45.64806667802207,0,2.339552631992417,1,74.65741519551075"
"657,46.74740396192269,67929.52223001838,41.25223775745632,1,2.2205437987477676,1,83.08131009035137"
"658,22.29559713017196,68198.84588532959,62.77876521041972,0,3.509501382824406,0,79.61159825756776"
"659,44.2543672023683,77362.79408714936,46.27224205535247,0,1.959532692110434,1,88.28529776905943"
"660,47.7417861326183,74492.20518613944,42.750858462345036,1,1.542726341800547,0,78.63756918170573"
"661,43.966054750806066,67369.11031089425,57.06955009920542,0,4.725998002094337,1,86.4977289390302"
"662,38.243027075371515,43086.13573186855,36.196470645868146,1,3.5794987376006446,1,75.07966390285895"
"663,33.64122577766622,96728.80482261085,56.25110546248948,1,2.735790715005635,1,95.79292459425052"
"664,58.566319434447735,38945.756833922846,67.81399716600858,1,2.996522790298064,0,54.16848219640767"
"665,45.3696856199754,74238.94761423464,55.66607832835089,0,3.505864358116156,1,85.78764666998669"
"666,63.489028518201266,66469.25725329448,56.37898316259925,0,3.9733374496134206,1,91.92658126568443"
"667,38.68221174246092,42387.86441278328,58.70060216907484,1,2.244024708684988,0,82.33024176034083"
"668,39.78246367953339,58135.485916822516,67.09708028675519,1,3.366146525965682,1,73.90381329275733"
"669,54.787130935153954,58818.70670633039,62.098939600191045,0,2.4932958237897616,1,83.11623223670112"
"670,25.52430045595723,79583.74073715784,54.39669722273024,1,2.8110187554873756,1,83.77950845547706"
"671,30.438439678164926,49300.33649579683,59.03891400636002,0,3.1606928674649044,1,85.53079237959139"
"672,58.16981965623796,56070.82490363469,41.14065074534889,1,2.9933214269473276,0,63.87105526467812"
"673,30.936792849321662,24958.955924681053,57.76293590747322,0,3.735566898302572,0,59.19041262502605"
"674,23.17138781636943,86021.44189685366,39.944440288162525,0,3.487086559115594,1,82.47932929014995"
"675,67.42232625687708,43942.976354698934,46.32977581368373,0,1.4918307906278223,0,63.920054459765375"
"676,28.274188225509533,64903.66296358762,19.174378248567624,0,1.6421767929345579,1,79.93105878858461"
"677,47.209432779938034,58478.88255417204,54.01429659367462,1,2.6302833152407072,0,75.56518136055323"
"678,45.82902231269125,58529.9854982499,43.561279888916474,0,4.828625262441825,1,76.4719625097299"
"679,18.0,72147.92977306312,61.11145215204463,1,2.1484081674983977,1,85.6948136874609"
"680,41.792195721986296,85068.93690455452,53.90192610605403,0,2.7917772903872473,1,90.53410478326998"
"681,50.38095899374932,63772.40504912988,61.24095894701625,0,2.463653973043478,1,83.88194802889157"
"682,49.251712578226325,69826.17026445789,39.16403455327462,0,2.4459556159119202,0,79.60406742976103"
"683,55.84224820564202,64933.37305090561,60.38386037159633,0,3.1782397439050554,1,77.68738237102406"
"684,40.35010422113479,75262.97135895939,71.05856344363326,0,4.400777276195651,0,81.71379565239673"
"685,53.550053305105926,53056.254307705094,57.64158299931894,0,3.455968399880589,1,76.49775750804997"
"686,36.72805118303914,76130.85831624622,57.903490086922886,1,2.196469038572908,1,91.36169095054485"
"687,28.0743910030467,76657.49798471076,51.695976763949346,0,5.753229510803207,1,89.74581007552094"
"688,29.42725949182521,76238.05513024365,44.75331219434636,0,3.078573220961126,1,84.8531646704636"
"689,27.454674537655023,50097.78198995286,57.61192372701509,1,2.4227790436178864,1,71.77267363918685"
"690,57.115031614694324,57474.93548644214,34.939170895979316,0,4.412096374677589,0,76.34762942756501"
"691,26.82511789129732,63592.00483170652,45.822448750791835,0,2.5309293820561813,1,86.44881565486193"
"692,48.28846608779164,39437.36932756491,32.28943197662818,0,4.662913654987443,0,61.669867559494165"
"693,41.808909671130806,83923.80312129023,42.96343622684917,0,2.1293572090333335,1,83.78886515394885"
"694,43.76821711859242,59815.85199746736,56.420450918935614,0,4.430030388921369,1,85.3182420367094"
"695,61.3632875423964,64258.91831407083,55.053933762204636,0,3.2010476642816945,1,77.15807950112483"
"696,39.73887159341672,51344.93340409196,50.50913695535473,1,4.291052232702434,1,71.41714011922555"
"697,52.3392187385962,40096.836609494654,51.704009940620104,1,4.901765708701545,0,59.88056770697922"
"698,45.45076021657334,50939.551717878436,31.141353821357907,0,1.8673927094787461,1,74.33755846119797"
"699,43.17577313240763,63288.06281450383,46.27437719429085,1,4.275771820758322,1,76.37176044957174"
"700,72.59962949263769,70101.4321913054,43.1864839356479,0,1.5910960955745952,1,76.87941315533772"
"701,27.703899051415565,62426.873109040804,43.40940309485459,0,1.9528156447517717,1,73.62617069287369"
"702,60.46958202524934,65200.86024362926,55.99578627813753,0,2.1965905402075627,1,87.09694696500577"
"703,52.87687878587967,54944.60437977935,41.39492673494689,0,3.5036366361778613,1,73.71071857880817"
"704,39.24570006441859,67443.72849368142,43.95319149872589,0,3.0330158769348596,1,81.62712571569146"
"705,64.55182220929935,82242.4929957886,29.129307542904836,0,2.832863915837164,0,91.35196286374293"
"706,22.82267865133756,70571.84163658481,47.058768196238304,1,3.146235279022361,0,72.78212209285012"
"707,38.73880011241114,72143.12832379411,39.121624522863804,1,3.591289589293473,1,87.3168179608415"
"708,30.498213548771087,64410.24598959947,50.79202928689644,0,3.668248123941353,1,77.01831815861222"
"709,49.94500157845752,37452.67395600597,40.48891953257535,1,4.094166835615131,0,74.06827747724095"
"710,31.643230785753868,44330.002040531355,51.045422455492165,1,4.82003481276744,0,62.04587929930973"
"711,50.19676736089583,66823.13700995765,48.55314239257657,0,2.978637627558523,0,72.99131821986188"
"712,42.76276301014135,59835.914220598715,66.72041773042321,0,2.478911037869084,1,86.77906420938571"
"713,39.24775268812699,66597.64329709242,54.97217980453193,0,3.613536129185188,1,82.54599026672973"
"714,49.663766952399726,85146.3512676611,31.60362127437697,0,1.8557451837353798,0,80.7489572626688"
"715,41.77654051274323,70890.53998844001,37.35111155897292,0,2.321295867888389,0,72.98246513701538"
"716,31.936381883291535,78883.29308614232,50.55208008992333,0,3.99938094639279,1,86.57229828961418"
"717,78.61647587561974,61420.22084206095,40.701520516073494,0,2.8758716251822958,1,86.58294327867266"
"718,39.153993803650266,47891.764837733404,20.31631569764148,0,1.791807541641961,0,67.27026729476249"
"719,18.38869103817582,59132.00761178489,63.495463138337435,0,1.5101969346348258,1,73.48358754017656"
"720,34.894815723343335,47928.72279421293,57.20224016905408,0,3.048716679393807,1,71.26954175279991"
"721,29.792679739527237,83374.42435158673,55.209768734917716,0,4.14189653696801,1,86.596874499874"
"722,54.91374739248619,71855.86614803204,43.92676954529085,0,4.128545777531187,1,80.53028774948756"
"723,48.85983191509903,67807.6874494242,54.27676771009929,0,3.1108805028928375,1,76.54561128099736"
"724,49.78455362148413,78539.14803342154,42.95639675779118,1,5.008909419096128,1,91.88707784691847"
"725,40.55973040995307,29699.153782151618,52.04857300217691,0,2.8951796340595375,0,62.94475727697914"
"726,41.64779703531694,68822.0692701399,40.79416774163523,0,2.8614323766025893,1,88.33797977859581"
"727,40.54882675670798,40340.31323543441,65.16288450556014,0,0.4325640902610002,0,48.62710287637007"
"728,44.025681790374364,59891.16452301508,34.297633459181554,1,2.5526370508387846,0,69.17581819369819"
"729,55.024001224378026,55324.386112991786,62.32283829510831,1,3.8520150349084945,0,65.20330681759853"
"730,49.03290495006416,69926.04918145422,50.389158280173305,0,4.563961336859704,1,87.24356642618015"
"731,51.0013539554504,63422.809334414334,45.10533004658009,0,2.169765366332715,1,80.11595382833003"
"732,50.99470689899043,80176.75760417682,51.67002921695738,0,3.4622523292930483,1,92.89953512622715"
"733,55.613309248580855,50971.54258601079,57.33348007178181,0,4.046879032323288,1,79.09168573311433"
"734,48.45780049848305,70636.71584449925,63.66746736694397,1,3.011208153195899,0,66.02942343561529"
"735,49.30617687214703,62433.34825348248,53.13143023133532,0,0.7167195424727697,1,75.64190325858821"
"736,59.26567489431788,35470.645948926714,41.093039147377226,0,3.247289999574252,1,72.74158344279515"
"737,37.019448983962654,46220.75312215451,50.556301237657884,0,3.761430624060893,0,65.64994279266222"
"738,34.731089040581914,57751.82949716748,68.16793236662373,0,2.052577104981541,0,61.187518348390405"
"739,30.76894080975773,76684.38674837592,63.476780855126236,1,2.745845469125613,1,78.26502663789601"
"740,47.19497476344307,66955.84586335672,59.08763478124359,0,1.8445039578712359,1,83.25866567584988"
"741,22.755213105370522,42487.48764178928,57.956870201223865,1,0.42985245141964734,1,62.59606179813585"
"742,50.54584915271613,57895.2565792926,56.99450090606542,0,4.027004411787656,1,73.09114394391486"
"743,43.68968286599337,90267.09673189545,61.587548345098696,0,2.9962514661981485,1,90.64710558915934"
"744,58.61567639785268,61668.35002261287,45.43371214278095,0,4.597674996704983,0,71.76481718950116"
"745,36.93699227442011,55090.11637391406,36.449139342249936,0,3.857322191906177,1,74.42360114383608"
"746,42.56018057498992,67376.0946113433,50.69003500737061,0,2.645790238334551,1,79.80440330907913"
"747,58.466439999520425,71450.89619372955,41.82418413222309,0,2.9168193398955915,0,76.82963656547231"
"748,61.59762776133783,53157.47478779912,39.44979244622816,1,3.5661773907701724,1,76.67488008547048"
"749,36.83817161097816,67538.62161557155,42.79721423412068,0,3.9668834167557434,0,74.22625764905523"
"750,47.18137479104592,55066.65754993786,74.85313924533686,0,3.3226706307420115,1,77.50059432308667"
"751,48.53302773220858,70789.91402744157,51.36124634075844,0,4.105593145289484,1,87.29199367736236"
"752,49.48384086745378,62545.397369569255,53.61907836360988,0,2.7033312633255284,1,86.52023587241672"
"753,41.84909208821254,67229.51740579338,37.77637192995746,1,2.0028564532143136,1,86.87524056066303"
"754,60.37660077748362,48612.246807487434,31.5624704120737,0,2.93519074643887,0,74.27176375322485"
"755,22.323558196541455,47680.704238907114,41.80947356881194,1,3.2051848907361835,1,78.05951991229175"
"756,39.946437182386994,74182.45956989093,64.38195585208749,0,1.7984646052607132,1,86.29918688811266"
"757,50.375168793275364,58809.05427921759,53.34275466076521,1,1.663277915853378,1,77.72460273549657"
"758,50.48669774339212,64275.52113149042,55.98595091444392,1,3.4473862964734274,1,81.57798265003301"
"759,61.233108367377156,55404.068593702206,57.38566039202061,1,2.5936431486295763,0,65.9709662609432"
"760,59.37870471841544,73480.90161020466,44.08650620201722,0,2.834159094337998,1,87.62020484665159"
"761,41.573500496313315,50882.85029955514,63.87965583973367,0,2.6403073342991767,1,80.1096734304524"
"762,60.59845492236725,57965.98140148676,43.67192400777818,0,4.520600901763212,1,79.23438075982689"
"763,36.43149907467054,71789.89219054698,64.06232359262553,0,4.261761160395,1,85.58242641868297"
"764,56.17064859350205,77594.51548746398,54.42302156135341,0,1.7626463099608318,0,74.67817695869562"
"765,66.72626974105192,52143.61063459975,32.109548457536775,1,2.467206786919553,1,80.5506083084188"
"766,59.57932928225963,89395.25972933824,42.51990513399465,0,3.850004267969593,1,92.04912331458719"
"767,46.269244602289476,64698.625405404244,32.15061467127896,1,3.601936237103242,1,79.69037075560298"
"768,41.01865473873453,44356.076072868935,61.63282132794208,0,2.9585420376702145,1,70.81129605849706"
"769,26.656904444888564,65535.780728849524,49.752645791975986,1,1.8623997950357647,1,82.88656644128511"
"770,48.72647565497045,54255.01178274814,27.716575600502196,0,2.317459953846454,1,77.9448732150217"
"771,31.61739326434897,66511.02730774766,53.75746881719658,0,2.4832324324537103,1,79.61062754549675"
"772,35.48238403663276,59357.15628509493,44.628357376116796,1,3.2769943311191008,0,71.21971889533258"
"773,30.71105039115994,61114.10535285217,35.16194144966677,0,4.703727154697238,1,79.2071478166764"
"774,39.475292008120135,46326.09935120781,66.77965836968697,1,2.313119765211872,0,69.96105422189315"
"775,44.664367026156214,74850.9184607454,51.072858660965785,0,1.9739647524447599,1,81.1166451204033"
"776,48.28337497398846,42658.08949273452,47.065685976866874,0,2.891413523172057,1,73.26984654894389"
"777,37.79392037503244,43368.526568925074,46.00575219013983,1,4.031738980514059,1,67.32836774114952"
"778,57.8314044767422,65510.4052372123,34.86720530842228,0,1.5531170332392967,1,81.49542420970012"
"779,42.50153690412041,84042.66370766955,36.9545110041589,1,4.453634150874947,1,83.03194900564668"
"780,35.54733080081377,54711.10354403389,62.84916784875083,0,2.8279686378843305,1,81.43313202079803"
"781,47.71550720692124,70514.58484055949,45.26117130214281,1,2.265679997686626,1,88.62244749009311"
"782,68.56263400252578,76100.10265295318,50.220677009368636,0,1.3998107132378406,1,92.33700390064651"
"783,49.02192679842141,72220.26655941104,29.556695237989253,0,3.7065207734206274,1,86.8998783232154"
"784,40.645732471516716,55331.87566239478,36.81907964204494,0,2.8288288047584653,1,74.0610345323659"
"785,26.67046372657555,43634.299242088884,56.098125198747525,0,3.170705482754507,1,68.65562729551696"
"786,42.367052148335155,26886.786514929678,53.777117601138336,0,2.099188258988636,0,64.32163070409891"
"787,47.819137501057384,56057.3925080641,67.53375198724316,0,2.680903965748976,1,86.52797944492954"
"788,40.34902930493316,77671.31052843262,63.42956331631226,0,2.5134187536452623,1,87.72693792953643"
"789,25.015384341108003,43137.51022857099,47.69289027515177,0,2.8994068946217926,1,69.497897870835"
"790,34.7932153259588,70503.14771278147,54.72953564713271,0,2.3304476736241897,0,80.38805587010037"
"791,62.45446153065309,45747.71204922192,46.83396557096926,0,1.4658190393127786,1,72.24467039728025"
"792,62.20801204476553,61591.08864580257,70.54809818638648,0,5.728499745296607,0,76.5842824995144"
"793,34.36032996954482,70616.87421232526,61.490146960524,0,1.636595752662486,1,89.75184581100686"
"794,53.07308144639306,50107.56844742358,51.69685090857751,0,3.181459006942539,1,73.71381023083964"
"795,30.857126582757914,62557.27021045371,52.00394784876352,1,1.2279721715759577,1,83.2371164079036"
"796,61.85179538393943,53773.62994912007,64.44850287259808,0,1.002952563382025,1,81.09979754796694"
"797,47.94283017473084,70577.22988407264,55.79577847113847,1,3.0978264918522673,0,75.30585345342615"
"798,56.39569798339841,63529.75752726956,65.58628017070086,0,3.174367587768303,1,78.62379888379674"
"799,24.418879833809534,60847.61511643901,28.063520737411267,1,4.261498990802384,0,66.56793442208209"
"800,53.13164522309866,83375.24940212967,54.61228261498798,0,3.399546841015706,1,92.8301571202276"
"801,44.90791123578596,69934.59213552454,44.84565135318615,0,2.850189281254209,1,77.62809542838484"
"802,55.22314884949011,49644.722008105666,67.56377987627992,1,2.050399755934996,1,77.67424278803053"
"803,55.978413577174194,58712.041488033574,65.4639868718983,1,4.499012068233549,1,85.38712252782601"
"804,45.78941627369699,58861.51822380509,50.328358091013065,0,3.928851246050224,1,86.19273077777743"
"805,37.79004433084902,61204.793589378176,65.35630978811031,0,1.7536705222515754,1,72.67207291433631"
"806,54.356354186153936,97867.63914911242,67.83114519992506,0,3.0379637282106353,1,103.59429854663523"
"807,44.27814600713847,65562.77839066496,50.744066719261475,0,3.144052231526497,1,91.6449852131007"
"808,34.52658055766829,29461.46144842836,74.71933772431858,1,2.654346343394331,1,69.41147754842162"
"809,33.95817322250777,51858.015424245525,49.68658847330278,0,3.771850485806795,1,71.96626097347112"
"810,27.274027004251423,31014.418687562873,47.85479049664091,0,3.831733138348177,1,66.55801024432762"
"811,38.87650608524324,55053.0261443124,58.65872588584343,0,2.809514302194894,0,67.91848628241267"
"812,58.23230455289254,30190.346554103573,46.46209268857686,0,2.7191307542023417,0,61.426991223945336"
"813,47.13395759646521,46926.14293397358,50.85339775794894,0,4.498958462667532,0,67.19292746658799"
"814,38.64278752892351,37189.1770554882,64.0943442405091,1,3.9328388923622373,1,73.29204640345051"
"815,54.65827125816096,65762.40266951216,50.19218852217271,0,3.0723603899083844,0,73.77494271885206"
"816,35.01028053931934,60008.09043943318,33.049822070246925,1,1.3707909609199465,0,69.92643247100237"
"817,46.14420329199334,64544.43461248097,53.673193878491965,0,3.3440001063050357,1,80.80477715342917"
"818,42.84443552729382,58431.72917147211,43.03706420947605,0,3.6980834649176684,1,78.92466840834003"
"819,54.34956750706023,39085.53374693373,58.652711572945464,0,0.2454783716016271,1,68.38542709437748"
"820,26.073259548965993,67702.82053882103,56.96189715826246,0,3.2518694483180255,0,81.8762474015998"
"821,34.79762705022413,88833.36840404179,64.71400348166522,1,2.5833080132042645,1,98.39926040807416"
"822,25.341052090865595,66138.1886790982,59.07532300792697,0,2.7791457198704483,1,83.98916820669028"
"823,41.88483933828876,53611.13101023651,60.90244283658065,0,2.0926190472366795,1,83.93357656205151"
"824,59.537130043589165,38578.99235841833,43.30903239862287,0,2.851810709596358,0,67.65906521029275"
"825,38.93463348415767,46378.99543860052,58.03986495890503,0,4.391991576181331,1,76.86501058237131"
"826,38.87179274165219,66795.59484858089,69.6845128936029,1,2.5536015011844846,1,75.12044170944675"
"827,55.46069309020964,76096.77040199062,43.11350091363233,0,3.9655735587931837,1,87.84641671622606"
"828,57.8225947014636,63912.99262082964,67.99738291727098,1,2.19366878112039,1,81.42720208328276"
"829,43.93714719277452,71998.30934558975,44.5064990879867,0,3.7587561926560387,1,80.53466754617739"
"830,53.21657824859871,70615.17366040865,41.48028754950026,0,3.001655855621951,1,78.53824060048782"
"831,32.076545509464644,67598.01587078876,52.96200443354838,0,3.3520248287892804,1,85.39207749512853"
"832,61.53569200710497,50122.89607108116,57.1591041612881,1,3.0071532560974874,1,80.23097184587503"
"833,70.78447552724461,62608.852679627285,59.11750123972265,1,3.6416252324412084,0,69.19830391019028"
"834,51.2545894942647,47274.33294176793,40.38237579226798,0,0.4324148820662419,1,70.65173149960567"
"835,19.988020543886392,60261.434294371524,54.345400972542905,0,1.5801746865424304,0,73.17362688714202"
"836,38.30123685122659,64962.95296600368,43.14445428516495,0,3.4170804980086444,1,78.16048670234825"
"837,52.353903860031856,85181.75711080282,35.11077743929423,0,0.9564616461037643,1,90.92725706687635"
"838,39.942204034003645,40354.02038448551,40.712636844672154,0,2.469419644352791,0,61.1624727748369"
"839,60.266382651001166,67222.61446486958,42.49099634044182,0,2.94565915896335,1,87.80402873352894"
"840,52.057887173230384,82218.54887435392,55.21595160352507,0,2.1718598623871035,0,75.55015789369213"
"841,36.52229399081044,71382.71648758194,61.52213663068669,0,2.3084385973062265,1,84.50248425965934"
"842,45.387177729255036,72494.18164237562,35.26793370124733,0,3.2715822001535924,1,86.99726907672802"
"843,34.27400135233092,68815.42352801719,53.51961074208056,1,4.00929495577981,0,75.31190954220992"
"844,42.8089814590507,79475.01734663126,38.23301814229094,0,2.0415506187451924,1,88.0995148693668"
"845,38.34488111480938,43687.82747831448,56.29085409014,1,2.42494180381263,1,74.97261914882739"
"846,59.097141602796455,39211.1000104463,43.77269418996252,0,2.268739026672955,1,84.36799704605059"
"847,70.39214468197194,59904.98789302116,39.48670981976721,0,0.5786202481227214,1,94.27059470775936"
"848,27.825740001170978,27582.568446424353,57.99664515347575,0,3.1417117903175087,0,53.132890107007235"
"849,21.921404565482973,78459.68706267017,44.13077394554905,0,3.9347177458284923,1,75.13257457651666"
"850,42.05793093778337,78310.72793243162,46.84036048647302,0,4.016643207315882,1,91.72087533621357"
"851,26.77901161405581,53499.741673732104,27.800109124436236,0,2.1292336235592613,1,76.71244702925216"
"852,45.55453924405101,54438.441050092355,59.46551361423474,1,1.7483019514798575,1,83.03468120154382"
"853,53.987233365671116,58914.78787273993,58.209085211691075,0,3.0216055475916845,1,82.80635242231303"
"854,62.9297027672019,60780.309756594295,50.05457844281314,1,3.8292736865664674,1,83.96153282623968"
"855,47.41673470458338,61907.60878791428,34.72419058644241,0,3.154850448310384,1,87.67313032365847"
"856,42.68213730180505,68373.48160317454,62.09369178334763,0,3.289304635873761,1,90.59295302221854"
"857,21.25938100112299,57410.60470487283,43.33736613639209,0,4.141830927736233,1,71.47084443034542"
"858,45.31422179022958,74147.89955216691,45.46646549899412,1,2.2608634407692967,0,71.91624181680724"
"859,45.85544712659354,66689.21665687955,73.12044056359531,0,2.78002991332697,1,82.95729050962936"
"860,52.667481770552946,50895.54831191047,42.963635558907704,1,4.634605511761201,0,69.82484003085136"
"861,36.498142781650905,80026.69001706145,57.422099624265,0,2.803188876902373,1,86.77312536975032"
"862,39.77936879716968,39626.14520816269,55.62092262082618,1,1.7326630340334288,0,63.38556127951822"
"863,27.263972936349788,58617.51283767785,53.90172192880085,0,2.330643903749705,1,83.0184414982914"
"864,18.0,74503.76101613202,52.82000542554511,0,2.0618201487787577,1,91.86450907907944"
"865,31.6980349104386,49153.90342631783,53.76388561889199,0,3.357162585701271,0,68.4116600489965"
"866,26.1560902289638,64643.33470150727,52.7194059094054,0,2.1040529964112213,1,75.89451690836272"
"867,49.04054754504733,68150.09395498571,49.48081641223939,0,3.2710342528612446,1,84.04403861279893"
"868,38.782391319997714,47092.14198028141,65.11283124110741,0,2.2639347814593505,0,64.14948254298203"
"869,38.54115443910253,58912.83420608947,36.873394392007214,0,0.876621461601772,0,70.69374749553326"
"870,33.18704344589746,57652.44254686185,60.21458104015377,0,3.3066197869819223,1,80.96581736008973"
"871,18.0,51723.93222251561,58.22342298687552,0,3.1484636815468887,1,85.2603270898013"
"872,63.099728984970604,94525.12278076162,56.98399121329401,0,3.5177578157088405,1,94.62666258709424"
"873,32.99675372667854,48553.40469831786,61.169794276401284,0,2.3270127808347434,0,66.50640014549681"
"874,40.05095916180112,75073.95441101825,49.07400604731607,1,2.2204555246406237,0,87.58459908902036"
"875,27.541294016528273,54107.98474678287,31.310259241731234,1,3.4014668584815455,0,64.19246230263319"
"876,56.66316412128761,43700.45716672077,49.277073402855144,0,4.519019572530981,1,77.48745841769363"
"877,46.72114724444789,61542.21364732603,40.088057823754454,1,3.011168009506328,1,76.97353208536019"
"878,35.083616576809575,69736.40076581252,42.68140790141936,0,3.424585096047145,1,84.55302453898085"
"879,40.29324466387171,73807.64362598518,37.57580326167588,0,2.6784123155742927,0,71.79402602855248"
"880,65.13815906549844,83433.97665982603,45.22655141556166,0,1.4563694781263152,1,96.28650667043806"
"881,44.12436681742466,104178.6943490265,44.03376306016551,1,3.967429419154058,1,99.99445225183328"
"882,42.81919754860913,63757.71305633396,26.224301700728976,0,3.908414239086162,1,78.23475006875196"
"883,33.70342216632882,50053.617392619184,57.00221911282289,1,3.710774025175194,0,70.56324688277908"
"884,22.265026194332364,66793.11490192337,72.20321858004883,1,2.8180545616575814,1,82.09652242388658"
"885,43.07953591704786,56006.80574390262,56.06237193496288,0,3.597056099738541,1,84.35241465517396"
"886,48.90582134789541,73889.49194778345,47.97076043465772,0,3.893761797387831,1,81.82307521207443"
"887,58.19501357193204,40542.53555451418,49.45253604323784,0,4.620158684956707,1,77.57676458820755"
"888,18.018041586004134,95525.01813600656,45.79014131986824,0,3.988526104647442,0,87.06934076994453"
"889,31.498844075723653,72840.7214216327,50.90041583866958,0,3.0638212250336387,1,82.62034250507367"
"890,38.031106913322596,34739.93973305753,49.629919059267664,0,1.6917467445756285,1,62.757470345375026"
"891,44.95822981712158,49364.56646527542,41.58951569601706,0,3.155658297671741,0,66.55813872910774"
"892,43.25959570165893,72241.21566170908,66.8288838894783,0,3.2565773958493076,1,91.96828422043362"
"893,43.53973577175277,77645.16084257182,35.12845764290229,0,3.709029775318304,1,94.00891338762894"
"894,49.897152702839335,40916.43559152055,57.18331543194246,0,4.353891859323426,1,72.697260820573"
"895,34.16048267065069,70695.38775649424,48.98802372682468,0,2.9048494879432205,1,77.60265577813513"
"896,56.20969730680434,30789.90191007115,69.00831815065744,0,5.100987189813111,1,69.86182164481151"
"897,50.20142930039377,58659.96201793431,53.408645992482214,0,1.2407129799594228,1,77.13430986752107"
"898,41.16201283046305,76680.70263154809,46.400944628167515,1,3.4193418724616254,1,89.75618975015873"
"899,64.21089590266698,51727.26404845529,47.522928015655026,0,2.2014796078159717,1,78.34817138138098"
"900,63.676992426861204,37396.1655129298,50.39906694519761,0,1.092778000311197,1,68.4340667894213"
"901,56.1947442623257,62193.22194566339,38.57209305003599,1,2.7982256237008416,1,88.25665903976194"
"902,18.0,50929.21700046783,42.331304748820884,0,1.5428273015790435,0,64.10807797867453"
"903,63.9473411126157,69443.37549098753,32.150560308081424,1,2.8385721019671832,0,78.62002025288503"
"904,54.53710226966321,46720.1035167291,40.77023101625906,0,3.034769248094457,1,67.94463986147719"
"905,69.07690365255525,48410.446655203494,50.9390648166045,1,4.11854140933595,0,57.44537780131925"
"906,59.84957510080246,29684.965186856345,53.00175049284521,1,1.4924148652360625,1,61.8651465697896"
"907,63.940112129967424,62549.17066577224,30.20670305003598,0,3.9084451656457726,1,82.13771848378838"
"908,55.54385820216455,57586.42592585102,48.627882969557994,0,3.098080450279794,0,73.94920063884976"
"909,61.184318383746145,42174.229938898934,55.634099508221325,1,4.0288491536095945,1,64.49996878478538"
"910,68.92948488881328,62906.98070650638,48.370878066237644,1,2.5682488249688724,1,92.07460015331893"
"911,47.59865686053847,75406.05450966209,43.662113542221995,1,1.6677554132365546,1,87.10932195435856"
"912,26.133233471062443,56766.48084871575,45.878388549517865,0,1.7825006737841338,1,83.54739119036941"
"913,41.31046919981829,64022.504247329605,44.59236645022778,1,1.708192546332884,0,66.67675224360934"
"914,49.67934719260124,64099.66874377746,43.63269440891943,0,3.477814152920655,0,75.90935320997009"
"915,45.89865101245869,41935.052592315595,51.73823525244848,0,4.4769220222146995,1,75.3714034057978"
"916,30.04125640608688,90848.78731061393,73.07688227735451,0,2.4350484733447795,1,95.38011090880286"
"917,25.427188497660254,52937.25254816574,42.56300083094817,0,3.6291352982577836,1,75.45197126963997"
"918,36.10604797638205,69841.74302790406,46.81857367338573,0,1.4765579418643802,1,85.09462440732928"
"919,54.69287467180981,71538.22915843574,49.483020606247685,0,3.180321249177299,1,92.13981272375312"
"920,63.96407724987563,57906.07309326372,43.126455656417065,0,3.6685626163371268,1,79.23780558590389"
"921,55.998811365332415,69101.92537589453,60.98235803523426,0,1.5518752247231316,1,85.69337262911782"
"922,57.689127445369635,63687.288327245835,26.29114626693562,1,2.7961165310201457,0,64.04141011413967"
"923,44.03021312203731,38735.40364158891,44.689408296213244,0,3.715917140485565,1,76.38243157654453"
"924,24.095010507528432,55015.90948124867,58.18313736319962,0,0.06622935277052289,1,84.24216104278118"
"925,39.537353029407534,50811.73646468907,47.05905691611366,0,4.335453061701743,1,71.52461209943431"
"926,41.89482705753146,53073.824379808095,41.79161041149709,0,3.353679375891048,1,77.64504965624951"
"927,39.03537015797181,40439.95233245043,54.40756754438764,0,3.7167276477173425,1,77.45530657152179"
"928,45.65633838449551,76896.50575119045,59.06343235397152,0,2.5872807208052357,1,87.55114808290267"
"929,50.29703711871541,84029.8898192012,52.10635445215058,0,1.2772775184346445,1,90.48897941176585"
"930,55.23618225892197,74670.04463997613,41.987796401871165,1,3.5340629563169514,0,76.26388923931802"
"931,41.66256162760399,79057.93836220715,54.56203319151743,0,2.917409674583488,1,85.98259798187047"
"932,22.15488713226488,54830.47744487766,45.9795069972521,0,3.0321154554323204,1,76.13990128759652"
"933,39.20546736850638,50456.14747520945,57.45186881893828,0,4.087606985198954,1,77.58144842579036"
"934,45.524524763903806,48321.19429782433,64.8325888485659,0,3.7620638738625978,1,70.98337498672363"
"935,59.673695065600896,69660.97384435833,23.94423244311467,0,4.921237417089612,1,87.43863904824498"
"936,38.18630589379073,63405.94579716225,51.11067473195633,0,3.1538542288734988,1,89.5467619848894"
"937,51.15052354079282,58841.67432602361,32.64266063052373,0,2.3087875622088827,1,78.4030831663113"
"938,48.48105479562519,79427.22816293014,74.4178858532977,0,2.8115831530912736,1,82.68198835283445"
"939,45.52680639748066,66074.12030723014,45.318754662038096,0,3.415663372538606,1,82.95777912073888"
"940,56.1663998318951,47420.13543719123,57.46373241825373,0,4.015856518992978,1,74.22431531263891"
"941,37.06990563896903,49786.36756296458,49.64683140405104,1,1.5329660485612813,0,58.15620130132207"
"942,38.097762604277804,70229.89948881218,41.969154192809405,0,3.008537615179169,1,85.0044084567591"
"943,44.85719012286926,75625.99278981896,40.77946952822573,0,4.609541657038369,1,84.87233926808983"
"944,37.3182419388756,68275.20348383955,65.85679173100759,0,2.7597911289974797,1,80.126167656355"
"945,51.0961474926552,88453.33121808122,59.559380601783104,1,3.931011854869104,1,94.40289362232025"
"946,36.441692347606406,84525.10748597128,69.43584087377563,1,3.493117527216005,1,82.5828332741103"
"947,47.71565049294161,66615.53752276144,50.55453335157699,0,3.95586060652498,0,65.87462029236309"
"948,43.797926774558924,47421.290107777466,52.87919621246,1,2.1902394584000677,1,78.45486125979659"
"949,47.57911157732047,40350.187324023485,47.32808434344712,0,2.1945983299344194,1,62.99949674766856"
"950,39.48310325924353,54189.27382477928,47.12917796884991,1,3.020271892122288,1,73.15684889299712"
"951,40.93094046567808,71298.20169624235,39.58113067522632,0,1.4677782127596886,1,74.7873996183303"
"952,46.1521112159646,87399.70618967907,50.840101909243515,0,2.730259393388342,1,89.3286187779346"
"953,47.424894073935754,66261.705516162,42.10753405113803,0,3.252876657515667,1,85.98976667812673"
"954,44.949577015306126,77530.84191346855,54.419089221642025,0,4.784635606949772,1,89.89669269613974"
"955,65.464348278157,56320.38770718296,51.700102189802095,0,3.4027181892698217,1,93.75613140939117"
"956,33.11115697510459,69341.53687841326,52.87682043675722,0,3.625228470873102,1,89.38249131451926"
"957,44.229554460567435,72350.35244215759,66.75129939690225,0,4.164475847050006,1,82.03888784977678"
"958,26.116451734596183,30306.085862212076,49.62282050234409,0,2.0353424111049434,1,60.377078423096364"
"959,49.464977744008635,53798.417964352346,57.56727002853428,0,2.8349173376290144,1,92.26723853512252"
"960,31.61704156347823,74245.50576416805,70.5150946408558,1,5.425412591803893,1,92.51309656412498"
"961,41.660276929481086,64117.025034548475,63.06617069295048,1,2.9208777776154915,1,85.09638796520775"
"962,40.53522809602409,42052.274277736,61.53169698454845,1,4.116430748782207,1,74.54183618080067"
"963,48.37069351921406,23548.16436408966,46.933117844795,1,3.963737877173107,0,58.794933236670836"
"964,38.36650898945784,54513.288820469905,52.296430555677965,0,1.5218862856123108,1,69.44910907821146"
"965,37.85633162767221,58926.21460659181,36.81723707970058,0,3.3104792770059333,0,70.78969827799253"
"966,62.230277569030775,46741.15575257482,54.98914400964414,0,3.1467474722052255,1,77.79304502299225"
"967,48.41480148569431,62146.27405541992,52.74460177613842,0,3.3299587878404346,0,67.84326258550234"
"968,38.26738977573278,67595.80120849342,50.23385125156181,0,2.24588752020894,1,79.9691372092954"
"969,41.98999593826523,70060.30756089349,60.2719478824286,1,1.883080488087841,1,91.30546897587197"
"970,64.74425942724893,24661.21612601517,37.92225177575604,0,2.5239899999791486,1,67.73222979163997"
"971,42.178021460986834,40285.7235328782,66.34862851160347,1,2.9022050029157973,1,83.00971207424816"
"972,36.728680522171345,55430.660274678965,59.01764687940284,0,4.184984447600316,0,60.48972253773205"
"973,36.78004619848329,68582.59696556196,49.29366020348026,1,4.817310819725607,0,72.35424113072486"
"974,38.41048222812507,67338.51020325054,48.51270412182606,0,4.396597846223178,1,76.55733782485667"
"975,37.866027330879334,67078.04921815013,54.806112152485944,0,3.860185210781844,1,77.6588583195143"
"976,29.644225819809083,54248.730870466024,65.2085123206378,1,1.9956597377004102,1,72.11941419203116"
"977,31.509598836636265,55085.49844035059,51.016077186900105,0,2.5911038250105047,0,68.83459045366523"
"978,35.04815550766356,49075.06097367389,51.44030901979226,0,3.2099260524129978,1,77.03691163756824"
"979,52.09885222143717,71522.91192158771,50.18118477625871,0,2.367560961923825,1,82.31664716217983"
"980,40.42515255272552,46192.668183906324,67.82024112701473,0,3.577205652527951,1,64.24234926417454"
"981,42.514059730871516,72750.54592784354,46.31116897062976,0,3.7204861082542875,0,83.71647759598876"
"982,60.24105630305876,63117.79857206469,49.70492401380929,0,3.5362900625654685,1,82.67143352900234"
"983,60.54008579926102,59324.3328231727,64.63435654260995,0,4.025134604557581,0,67.42239854133555"
"984,41.61450068234718,50149.344003353,51.47010833612863,0,2.095408786286926,1,77.27216860395589"
"985,37.429637871799095,39666.8720825381,61.37058860045522,0,3.9328287040921976,1,73.77820143608479"
"986,34.626836235917544,50285.20865432931,40.88719943097041,1,2.304354549879804,1,73.80686840022749"
"987,53.31330923649885,55049.89697062671,47.94707478371486,1,2.0590640473571145,0,69.74119602799378"
"988,42.543513197732544,24464.635326281226,64.84434038440229,0,3.532116134186382,0,51.090749155594764"
"989,40.362061316126514,57039.672669980035,43.23660284236455,0,4.215873562198981,1,84.02433826524627"
"990,35.236025098349366,73865.36052039008,48.487009602302926,0,3.4880134863760097,1,80.87582203330741"
"991,35.76400309186334,68508.26858150809,52.56685230891479,1,3.0208040237725444,1,80.36850268429045"
"992,48.840698297918934,52556.91186387739,40.108454820070136,1,3.310153826101507,0,71.79896671698194"
"993,29.214740809352854,60704.04447622842,45.86189881378103,1,3.13642691806728,1,85.73202823093163"
"994,56.93842432545526,51657.531458670004,51.1263668182564,0,1.8740491038646059,1,85.7849671393369"
"995,38.59386427422098,62231.41100003544,50.46681734161961,0,1.7573798550550848,1,85.4368459038132"
"996,43.20436866897849,83101.61735616048,62.80352020837135,0,2.9211741205265453,1,88.27766218677438"
"997,28.95626450231335,74527.48203937314,65.41457194832253,0,3.079856835769304,0,67.46533938909373"
"998,44.851608741091624,67811.91458539129,41.43915127999089,0,3.011332378367734,1,91.04427053897432"
"999,41.06014868771328,52606.726314244224,51.11268519167489,0,3.676101613649913,1,84.94306662991383"
"1000,44.3990328137224,71249.07589417258,56.74248308424765,1,2.78452328383566,1,81.80727149934232"
"1001,62.660506780342686,34696.8457294042,65.16347465799197,0,3.562979181904856,1,77.60111750444264"
"1002,47.13237654948288,56214.69777013664,57.18490297317129,1,2.855413232673552,1,77.82255837948809"
"1003,35.464089790250355,68755.67129735925,52.909134015923314,0,4.823358962036466,1,92.41374908515657"
"1004,36.46416107344118,71106.31821071627,56.665425319826305,1,3.080713726726447,1,81.97919106099287"
"1005,52.14157423096522,70048.26735323612,56.7376883433626,1,5.340722611525678,1,97.39929889135404"
"1006,60.584319491921086,64422.46033814542,40.72285707715632,1,3.3520115910908643,0,78.43962809531419"
"1007,48.3830162490126,57064.12531374176,51.92798792506269,1,2.7863228294117843,0,78.88073423735733"
"1008,53.26455293465723,68069.63954739734,64.59160994188692,1,2.1005520237403257,0,71.91576638316754"
"1009,52.31685268004046,45707.08439120549,47.926432313059955,0,1.5571114259423064,0,66.78535618746105"
"1010,62.028772960290254,47329.84105060125,51.29446642547444,0,2.0085577156038434,1,71.89526389703079"
"1011,21.60491792728761,60926.02014690445,47.57483550473978,0,2.12039369083601,1,82.44716106475535"
"1012,53.00662727165434,62597.96464063121,26.86140504393125,1,3.3948200204121766,0,77.55091226393328"
"1013,56.804832526842766,32615.772321530305,50.20590177234679,1,2.4738346289398123,1,82.69097947545418"
"1014,28.935315526373117,66827.19571424279,53.017919306528725,0,3.1869270525544975,1,84.58415046647627"
"1015,34.371981791923005,71590.92566879091,44.87506609119098,0,4.281978362376686,1,89.11962214914048"
"1016,34.79060701646216,58840.72143800557,38.45363051115272,0,2.9121916483651464,1,76.99095071302165"
"1017,36.2545176434714,95616.99424925988,41.193935402183506,1,5.079156698466804,1,98.64247168600073"
"1018,39.21939538877369,49755.973405272205,57.64187616135564,0,1.8241890196608022,1,73.38422407327697"
"1019,47.9112337566593,54583.69254919696,69.72524773046905,0,2.849416451625072,1,79.48343735085477"
"1020,55.38809581400844,54073.99640809186,63.824333409054326,0,2.4606870763890214,1,80.00953611347776"
"1021,57.975803493222436,58857.185830634735,36.55653995169448,0,3.9365066060570078,1,80.72813559967591"
"1022,34.946123265986614,55069.12780550563,58.54627310550703,0,0.760208369633879,0,66.44515562721799"
"1023,34.86356401556421,38897.84183092692,43.3683762419071,0,1.5568847108221888,1,68.41452505401783"
"1024,60.78986208019467,51801.77555645287,44.177329374912226,1,2.8926531775490374,1,77.21516334747065"
"1025,52.760927225023735,58535.689563388856,45.38024402028716,0,4.5513777210094934,1,87.71479398217687"
"1026,45.99437810242795,78428.58123092997,57.060669498554304,0,3.225841834037307,1,89.42861197897669"
"1027,50.680040106659604,93033.6491005937,59.59253376449038,1,1.6484525457357662,1,95.33555704849344"
"1028,44.642354617782715,80032.10846775983,49.01968928720212,1,1.8028334073097698,1,80.63282172980234"
"1029,51.295016196571375,48369.3145549109,49.18929258991975,1,4.672989702844953,0,70.3329108630494"
"1030,40.96719964193112,49562.85584060752,54.64263743235793,0,2.378865201203759,1,78.47707178127531"
"1031,48.22565921327077,57610.07133735974,55.67994539524242,1,2.057036627550236,1,77.5205306448674"
"1032,26.873447395566046,86768.38333280379,61.762257067585296,0,4.477372560630861,1,101.40174450248627"
"1033,36.74658846209483,57518.6392172716,37.15628024490801,1,4.011097005586991,1,68.44485581666738"
"1034,36.87586587851588,40087.38764193854,50.2002733980403,0,4.274059643266796,1,77.06362503809316"
"1035,40.50731960151703,52482.34294570447,39.31975624108823,0,2.0499581197341836,1,80.24765965899515"
"1036,33.881840942643024,71355.84002729125,49.490577209365966,0,1.4748943589856394,0,75.81835025236637"
"1037,38.597476490123015,70349.10415344131,47.738247123192394,0,3.1331664893627056,1,85.3869860300721"
"1038,26.827031251222554,56996.75000262516,49.53250546097298,1,3.335126133073664,0,70.90290064575645"
"1039,51.5844057167388,70251.22010340045,42.00257111889468,0,3.364601803704832,1,90.29148745377739"
"1040,44.00983777306327,25902.41696179752,35.12710206792571,0,4.478183935639002,0,54.715059791376575"
"1041,24.5375087066878,61557.43852549046,29.055624732850973,0,1.2662329099917518,1,79.58569071975882"
"1042,34.98204107343992,72910.28132052945,48.6881984573516,0,3.859695051297766,1,84.83348846647748"
"1043,49.039217130746,47507.05087268197,45.689988941670606,1,1.9033749558526822,0,59.96060002570199"
"1044,38.48373664337052,47454.921952555684,43.24062335196173,1,3.855735320860841,1,79.50078057511445"
"1045,36.63670247834284,32003.27770854787,63.22548462831661,1,2.5250432954786226,1,65.66321384421616"
"1046,44.10488787590308,83848.43392216042,41.40561813204689,0,2.1860282041094883,0,72.20939154584472"
"1047,49.12317042213859,49197.6903446765,64.16834082138803,0,2.3900972930507978,1,73.80791771101684"
"1048,27.763770515530073,63615.649167931675,66.23843744269257,0,1.5543897992234375,1,75.47165406763878"
"1049,51.60154177461455,69058.75562225062,30.49099533210619,0,3.0404289398334674,1,90.35839462417904"
"1050,35.39648062071148,82681.0192371218,50.923814589989696,0,2.227326609339543,1,89.15988274718188"
"1051,44.784864381002414,57691.53339021547,46.00303509164009,1,3.7862982309002784,1,87.49605210735636"
"1052,44.574958311701884,51908.553093323724,20.881960552827344,0,3.6400560810329172,1,74.80018077716079"
"1053,38.67520658112271,62596.0147285583,35.55358746931586,0,4.688157052902791,1,87.02730155134032"
"1054,32.71608304643143,79261.2041481343,57.74936107108474,0,3.366327483541077,1,101.86726652476929"
"1055,41.571761422892834,57447.41202898824,70.19199252711265,0,3.5206777670800737,1,81.73284550318434"
"1056,64.50396370890235,45676.96377623885,59.026781426992486,1,4.400099811827814,0,72.54950604246379"
"1057,28.659899634436428,36888.63287526957,53.236324725129776,0,2.372337303973304,1,72.98690127785714"
"1058,65.3077562292585,41680.539230921626,49.786676183689124,0,1.5117417871769674,0,57.30200810790694"
"1059,41.88334594708161,72965.87246109998,66.82662914648114,0,3.2000940591283937,1,88.86384531378813"
"1060,45.42445700506367,55190.632855397824,71.48239201957641,1,1.577366530785596,1,79.41287367054183"
"1061,31.959470263383274,50887.186351189346,44.13157320475814,1,5.45393867292539,0,66.61523558816285"
"1062,35.74476699987023,49260.49165224086,30.00013439689709,0,4.455498292078943,1,72.42289012352214"
"1063,38.96508419954377,61275.68790300273,29.018125367287983,0,5.16397633330158,1,86.00788084943193"
"1064,32.45166034946506,56408.17359351624,63.21880992159802,0,3.0624469766631295,1,73.39637435563041"
"1065,42.49298451154954,55903.017844211216,49.52941459225613,0,3.550573593701598,1,90.1191924872102"
"1066,40.115809298318744,80239.8589171611,51.83241910458719,1,2.540524568047356,1,88.71078956857484"
"1067,67.2093737092288,83070.2442279245,32.093490070432864,1,3.882924805586752,0,76.93883966762958"
"1068,31.00830977183447,35849.67490636505,42.46811087211534,1,1.784456787948943,1,66.29828497844693"
"1069,46.23228620098305,64913.89096714436,47.045191860992176,0,0.4569068105252212,0,69.56363876392713"
"1070,47.9741553828219,48347.06852067912,52.07838383364071,1,2.209289380511433,0,77.96555772058221"
"1071,32.15615341617795,56276.2332920836,46.01407961086241,0,1.5445265243826842,0,62.5387851439099"
"1072,53.241929945434066,64639.17577690042,39.62673801698657,1,4.477926736159535,1,84.18111837797427"
"1073,40.22007584542046,56809.20124603621,42.15433007397477,0,4.815677455080316,0,67.90908819769568"
"1074,18.0,63456.898209414496,62.08323285947233,0,1.597070927586889,1,80.95670845374362"
"1075,52.91819534525478,70094.55309047876,52.447846196034995,0,4.2917156075212395,0,74.15359618820877"
"1076,31.596709390771636,64418.6520081048,56.121568069555515,0,3.9513849835007706,1,76.39295639842115"
"1077,32.426700646330815,50297.455437485645,41.0112618912267,0,1.4302233152811237,0,63.52935799287125"
"1078,53.25482499470878,50562.00589544514,20.461765145993756,1,2.6097324690683816,1,76.14110161624242"
"1079,40.8340622109786,38404.42055072947,44.76895693115504,0,2.41983627787548,0,58.41982157556997"
"1080,56.013265806618,47191.195537189225,41.33429445574504,0,3.7479953986272,0,64.78214931995365"
"1081,59.52199314438383,89431.02542847792,53.49012268628079,0,1.7712206490949862,1,99.06506499451055"
"1082,37.26085847613243,48119.946388571334,82.85723713681841,0,2.9011273743405175,1,73.69626523117668"
"1083,54.51914995146036,42099.3178133427,56.95166017618256,1,2.314065496050382,1,68.47225620493127"
"1084,35.934470383285415,64798.9179276716,77.35960159383488,0,3.4733411833851435,1,79.98110733710601"
"1085,71.79739100558612,58344.5286106221,55.687696953394486,0,2.7832079683120705,1,83.01579521678406"
"1086,36.68451594562542,57066.10144726162,43.701137624272846,1,2.464754296059605,1,71.78534742755811"
"1087,57.313049291520045,81135.68949618135,53.47916078120883,1,2.786703424367922,1,98.54483326715086"
"1088,55.12548031057891,68236.90013337547,67.80638599477709,0,5.036042832840112,1,91.17403973821152"
"1089,48.79305386530721,52050.10602444787,68.29562596321239,1,2.583100363880611,0,74.91669180550825"
"1090,36.953482062999804,53632.8612361233,44.24662631956921,0,1.958994781716213,1,78.67632915356069"
"1091,43.18323009670309,52461.202291414724,52.53183695699299,1,3.5834335691559653,1,67.70106353091047"
"1092,19.156942644665378,73121.09432370386,35.70733120328855,0,2.8564753305770436,1,91.12598084160227"
"1093,47.69304046058701,55377.78555820294,58.246686246914294,1,1.5847660691335275,1,73.87038932609724"
"1094,49.19538397234062,33102.69746318774,65.53354699055895,0,5.231496335202467,1,68.43488073066064"
"1095,46.60199302873646,59275.204818984836,50.39799454116016,0,2.6475210544133523,1,81.26992379377549"
"1096,18.0,36944.60998308106,43.32615945639872,0,2.622130546038649,0,65.56669766341409"
"1097,29.812362658922268,92763.45902632353,53.60130951277563,0,3.1598353519080975,1,97.88092382771013"
"1098,36.02290820581605,45514.98129229154,54.17459031363166,1,4.7301167692088395,1,80.1237823537454"
"1099,48.49990719826855,57572.02851963404,50.8114383184962,0,1.3202546734810043,1,77.3758706020925"
"1100,48.47206686771581,63873.041020517056,51.78715124335953,0,3.2759858494205396,1,81.37917414405429"
"1101,42.95731449634585,55670.12758981155,48.26185149530629,0,5.087272161793628,0,72.36331855489445"
"1102,52.62294643924748,55649.54397800711,59.959549282264064,0,3.1287286807396484,1,79.37474097330166"
"1103,32.6850914963652,66327.40929241315,57.36227445165127,1,1.7646660206965203,1,85.65779521980578"
"1104,52.32282006832796,82893.23938194418,40.16896852855851,0,2.3816031470393475,1,94.44544859971808"
"1105,50.696905258078694,71512.63622725946,39.894093968414055,0,3.2068825297567907,1,89.19695764638061"
"1106,49.53065679405493,82177.70817860315,47.45625582973438,1,4.330803915639862,1,78.65898567451175"
"1107,42.815514826972134,44300.71337859747,57.36837124105179,1,2.660664155583939,1,74.77030997698967"
"1108,66.96892589797514,64760.43949883042,51.480574138908146,0,3.8266517974324317,1,85.11812042361213"
"1109,50.91834826187854,62328.69078087419,43.56849589877345,0,1.5646311729531108,1,82.1151440856977"
"1110,33.37996964095729,65266.36937515102,52.6151859672583,1,1.5562816304049454,1,76.91794682574806"
"1111,47.97966570883181,80643.47955953359,46.69189480477728,1,2.5171993113150504,1,82.44518829175253"
"1112,54.02980052489062,56688.16275311919,58.80486460224131,1,4.438028721873263,1,83.94436053111056"
"1113,37.94269681290829,53917.44950168869,53.33058435067048,1,3.068874639513769,1,76.034842604917"
"1114,58.07126696317319,68009.71196127996,46.84721812547856,1,3.289811195566619,1,88.5163254058206"
"1115,49.584404468592126,33326.95908651229,52.315187720464614,1,3.2780795955735273,0,57.55711586949909"
"1116,18.0,56447.219263167324,63.150480595242016,1,4.109207982586731,1,84.74580729379969"
"1117,48.596063728055114,57987.03466071821,44.303699234536225,0,2.3897793074621463,1,84.97156789591634"
"1118,40.12765014704742,46194.62075539612,54.02656981647161,0,3.688285108488232,1,76.92537694638318"
"1119,51.44615777450083,75855.88517034866,49.295396595340044,0,2.16911733614487,1,86.15582164757572"
"1120,56.33057808302177,44066.39523985074,54.269836838620996,0,4.983272655920761,1,81.50827841797008"
"1121,47.341944565701816,57961.904274543056,43.45435058404269,1,2.19960889570331,1,81.64138235913708"
"1122,64.98302680733634,64397.358379844525,51.103354331593756,1,2.1176106969213793,0,75.14425552986157"
"1123,42.85551738523805,80301.77342214178,61.07823282416801,1,3.5496698134880496,1,94.460324005969"
"1124,52.497813876646504,59841.6534767872,40.629930187538925,1,3.079788431432324,1,88.78295429555858"
"1125,54.65931088364817,74042.30391192315,36.70594896674918,0,3.3268524062609344,1,81.4822786557151"
"1126,43.83184837328721,70508.93095915692,37.085444355130356,1,3.227313795492318,0,69.91668772063632"
"1127,54.34529169573339,61851.86334253714,38.29337469799811,0,1.9096078011925612,0,67.80165712014826"
"1128,37.863924154053976,43657.29887589817,55.95323287892664,0,4.613358929079484,0,57.42787612081049"
"1129,39.92917897174538,38481.287086434764,35.94140314134535,0,3.8935422058891094,0,62.186523868613975"
"1130,29.25013571596425,61597.5810212878,47.02104655256469,1,4.358949951267116,0,74.05178821734776"
"1131,47.89690939644056,51859.5468914608,56.18289303310708,0,2.4716691108895756,1,77.40375351017835"
"1132,48.90302011025213,73788.91637521937,54.166590605485936,1,3.4165235447151714,1,84.46847918882062"
"1133,59.15115790295075,71187.84777147867,46.14441020037515,0,3.197368462234691,0,82.58043845432009"
"1134,54.493680052270605,57230.83508344425,51.90923731755106,0,4.128002626201508,1,82.34688615559972"
"1135,41.582453320230805,42634.30614088096,51.07145329737568,0,4.1602481318296185,1,76.25508113067075"
"1136,30.861843751988676,67661.0332441091,47.75759044451814,0,3.1930508029581146,1,88.4762123397078"
"1137,50.194204830239684,44730.75830797275,47.8916528134542,1,1.4820488681567483,0,63.48115320648281"
"1138,58.329038068975706,48623.04115603703,72.3542743475696,0,4.7796618870876895,1,89.40692014210593"
"1139,54.06221968564732,45308.763926772684,58.093109039313006,1,3.555987433690139,0,64.13544246686708"
"1140,58.01373029828745,57922.484670900696,74.80650917512143,1,2.391562958608858,0,80.87335828764061"
"1141,42.45732562562109,77552.88501105842,45.030368670794985,1,3.406542138266695,1,83.11844436803673"
"1142,39.40057238189225,59924.38694664707,49.150334031118526,0,1.4889064515474766,1,81.68836169248823"
"1143,36.157183773218414,53351.719613584566,36.67874234723352,1,4.055353067471044,1,74.98802783270132"
"1144,44.32924240063685,37115.77604932134,41.90433197910428,0,1.528788255720847,1,76.10009584927437"
"1145,44.05691044837417,68281.86877094765,69.01913148662501,0,2.7791655079629174,1,81.55060792029468"
"1146,47.480131542469394,48293.93091107059,44.77965710158244,0,3.24445444960555,1,78.11550503158004"
"1147,43.448430515573904,61762.76428737145,69.19281300144459,1,4.038839711982094,1,79.02831055588378"
"1148,43.39646724327874,54686.72076125039,37.566377393201094,0,3.106544676434374,0,73.38569663830862"
"1149,35.679671364334276,72572.65829399157,39.465309659267234,0,3.63496287361255,1,82.22624444972439"
"1150,56.299428162617886,57641.45411957172,46.58768778976579,0,2.971833091550447,0,79.48106516104419"
"1151,45.918216746924536,59116.104682154226,49.36250078320822,0,2.9678140490557174,0,65.63252925199176"
"1152,42.906672788576614,67286.20721183189,59.2308729245013,0,3.0854772503482972,1,76.94539237222833"
"1153,36.03084896100954,91604.10273394779,54.507704171862656,1,2.810942079147625,1,97.2512400433936"
"1154,29.017042675306968,73326.70395537831,45.83684742655972,0,1.3134297569185645,1,80.32491145389926"
"1155,60.695570310592124,58670.90840477086,48.66684193481894,1,2.231676506303372,1,81.28707503076257"
"1156,51.65566449758168,60047.96985922933,46.809370802153,0,3.2447748411116986,1,80.16936849716066"
"1157,25.512985889160394,52127.10809513348,40.8534626467427,1,2.750878996511281,1,69.03980368841499"
"1158,54.157707608515885,45750.06444720457,41.12037063398378,0,2.8441909178180933,1,75.6061809532962"
"1159,56.069774042797306,51708.73819400517,60.278838914334095,0,2.6766463305612844,1,84.75636922119233"
"1160,46.492513467611154,48417.765544320864,31.7183507207286,0,2.136401607268182,1,80.74116386683184"
"1161,64.17733074902111,69800.52575693828,66.17358697445054,0,2.506900539023706,1,87.502427622026"
"1162,47.600635705474595,43932.07713196521,46.57005774397768,1,2.6931682556114054,0,70.0487704929982"
"1163,27.998117664609723,79998.15842070067,42.2749139360784,0,3.0051431405418496,0,71.90559672370382"
"1164,49.38202801257985,71280.69575428244,57.39759290697269,1,3.3933783444697125,1,84.5379121340217"
"1165,47.93876762055275,60307.52594051503,64.85216584147118,1,2.8194497091142607,0,73.15147160920372"
"1166,37.76043781466214,60004.77917197603,61.17632441603958,0,1.9703447443075806,1,78.70215711161714"
"1167,51.8827060425291,51640.780355781695,55.018520493598906,0,1.6019179600812168,1,75.89200046224776"
"1168,24.988016805709655,64051.26617021646,60.86863489721836,0,5.597437207375224,1,76.59403925295226"
"1169,56.88680192931348,76321.38694812884,32.83502422856134,0,1.870184969735437,1,77.30667600475769"
"1170,34.46253955673457,49452.65306616279,44.781694585118515,0,2.481374998735617,0,69.30174730587524"
"1171,33.18064649859561,36999.118666219045,40.88829939975155,1,3.517000302513935,1,72.14742022461945"
"1172,43.634102732310275,70548.27382285116,62.246387312151754,0,3.360860609565681,1,89.78140018107449"
"1173,50.195675136523626,64865.48961365701,46.16521981076113,0,3.5208656925615727,1,81.59627620237255"
"1174,46.967088763121154,43197.01797838231,58.45406556782056,0,2.5572829304678244,1,70.45745298790133"
"1175,36.08809001073146,48999.12943628823,55.35856942488638,0,3.2385580706395474,1,75.83204706528325"
"1176,38.92692850569734,47113.43588924789,41.37693063836319,1,3.0613436642408636,1,79.45814038072565"
"1177,31.403491831470454,49132.015964486265,44.130417900237155,1,2.687868632458713,0,63.78618939997025"
"1178,42.30384118044156,55144.758689382186,62.938176908147256,1,3.24540974177134,1,82.89354130885654"
"1179,57.90025457413091,56001.79043578879,42.24517351315586,1,4.055365546750707,1,76.40349404116374"
"1180,44.94884474827349,50238.095173973095,51.24867610195479,0,2.9777997765646753,0,66.165126699819"
"1181,55.31297105711344,48627.54270750108,42.17458713673555,0,2.9844528463564255,1,77.01930574540677"
"1182,62.4648160527143,56568.234841209276,46.86047813084139,0,4.068161034875985,1,88.26025408926552"
"1183,37.9437777715564,62515.37302289342,49.53838056030028,1,3.961360359818813,1,83.00775226424759"
"1184,42.76112096333562,55255.55195452733,42.17133489702509,1,4.583936440963483,1,88.77586962238625"
"1185,71.05431433274994,77380.00535011952,40.39553046016118,0,1.2437697655204232,1,82.31402538600175"
"1186,62.33212094375934,67621.3157163118,52.862733367774425,0,3.9051191831693894,1,87.05542824949258"
"1187,24.931145690251768,36137.31214711956,41.55262591208824,0,3.601580045402179,1,70.72629366009697"
"1188,49.64577979273088,67855.9164812078,41.893424443013274,1,2.1143476022467347,1,86.89888864148793"
"1189,45.00671990807634,69083.15973878374,40.6094685629803,0,3.2515879179988447,1,80.66840653847575"
"1190,54.91743733030515,53478.97547813713,49.220919536686814,1,4.051121747757998,1,88.54646301954594"
"1191,36.060254790179336,37572.036190452665,59.43701634399841,0,2.1708410775146,1,70.43633252456947"
"1192,34.924699535511934,60121.00139116704,65.06528636312267,0,3.442562429022807,1,74.85958288856168"
"1193,36.887151416476684,59884.37022776634,42.740819140062214,1,3.8713536757310174,1,80.65942122127093"
"1194,38.13685744561881,43175.30645200208,71.50310793331211,0,1.928980437468512,1,71.06118506093695"
"1195,54.78389000170817,38231.711756100965,39.95295139293204,1,2.857714307554852,0,76.97342085989173"
"1196,30.82558592221344,58686.69680319841,60.835485233278696,1,3.300968376642411,1,84.4477300124397"
"1197,37.52863320048817,56503.84211923767,42.78303545984557,0,2.203868494457045,1,78.36580174185062"
"1198,23.531851313982706,53741.019520164096,41.290767301299894,1,2.120846800906454,0,64.98668695419305"
"1199,57.08541388094848,58748.83897880158,42.552438432156116,0,2.864955398137226,1,86.2553256105326"
"1200,60.252361193173684,43458.35439269521,49.47552300350881,0,3.8016397169036917,1,81.44420045155948"
"1201,41.07511882963456,53477.690807008286,55.7997217103361,1,3.6437340011921098,0,53.85582581011721"
"1202,41.424607622241325,67999.87545921521,56.69868037904822,0,2.138587270813658,1,86.2682465362278"
"1203,50.438662827394765,54750.44879473067,40.560149846521114,0,3.652167885115686,0,70.00561282861744"
"1204,62.69378408853907,34920.412923111726,40.10340712488731,1,2.1640602238334914,1,65.41307264823051"
"1205,49.90332897076701,52909.615834146425,40.83361306636453,0,1.3898302020065656,0,71.66711409046141"
"1206,36.62949669029862,43947.62304739709,48.88645597614489,1,2.6328564289527687,0,74.57922409894225"
"1207,25.574129136162714,64007.04444692596,47.898443958091256,1,4.122969371585736,1,84.24258592379417"
"1208,31.618484848038147,64782.56105070638,40.49824537930205,0,3.6559605521413734,1,87.50178355808379"
"1209,45.87863340374958,35118.38062370954,52.69603694063244,0,2.9984281926268057,1,80.05455360378224"
"1210,37.13606972159047,71385.19455873284,72.62568808335318,0,2.5832945164089427,1,80.18300965517909"
"1211,47.339612471889104,43317.20548082162,44.95284538164849,0,2.610237863883569,0,54.861176504789825"
"1212,38.36491180516519,83387.73435723527,45.66488178796467,1,3.108784905860796,1,92.96294316464677"
"1213,32.30224282446706,59268.356032490745,55.596615703243685,1,1.9315625141541712,1,77.24475902455907"
"1214,30.875620422563145,41304.09752191257,44.41183708263205,0,2.651892654798703,0,54.859847913002596"
"1215,63.748254112478755,42870.20893960978,56.68964481718182,0,2.784430538640231,1,75.35960373732502"
"1216,55.66785299020371,65221.42937681017,42.8145729322096,1,1.6489255415485025,0,76.61223435193634"
"1217,65.7662154219355,54130.50165152433,68.32119607577302,0,2.161551749102425,1,79.21320527826343"
"1218,51.479410809061235,58550.19135572789,53.44774972592295,1,3.4105067914863816,1,77.3622849027112"
"1219,39.84010309662193,84191.70349045559,43.799770509232886,1,3.0095118399409944,0,78.95076587631469"
"1220,60.880091069879256,49511.33903656387,44.11308300530726,0,2.691238208806617,0,67.94815296215204"
"1221,44.60318398365879,60899.4428654356,44.86200247291965,0,2.088572562462036,1,70.84354228137934"
"1222,47.65010124348423,81297.6673105958,63.72749666248873,1,4.576849825589217,1,90.23168214320465"
"1223,44.48610745109377,64057.702131996004,37.312489923987165,0,2.1620207853206814,1,75.07960586543986"
"1224,18.0,35900.95896962991,43.32058329540495,0,3.2515928072617375,1,72.05678759376683"
"1225,64.25682014753824,67580.83517598205,44.38339443074574,1,2.5121309119262047,1,77.66250793675374"
"1226,50.89204735149304,42554.95713324834,49.84312033243062,1,3.0362792926383353,0,69.60367204531398"
"1227,48.95787673042212,81102.11293099448,47.288903073532055,0,3.4576097419403724,1,88.0568952929226"
"1228,44.25868725275327,47656.985925030334,35.08772168609537,0,1.629743410792114,1,72.0775792900611"
"1229,46.96113384463357,104542.64261618497,46.001773164045325,0,2.993383755846512,1,100.38015042212443"
"1230,37.832652769845026,82010.63982491518,49.00449316815032,0,4.190728648979846,1,85.6099319000175"
"1231,52.39895222768725,48050.81145558032,43.71902164920217,0,4.761501893492003,0,69.66315009044477"
"1232,29.31481986721041,60300.207075024155,56.86775489047665,0,2.869986026744869,1,75.68700976468475"
"1233,47.232821189646565,71304.66422450196,59.19408428753647,0,3.0416812072169086,1,82.89482021291512"
"1234,51.73888164685326,71754.90711340061,49.21613300270607,0,5.211333028601533,1,90.07168827957247"
"1235,42.61597039412516,66635.04389964296,52.305415868507296,0,4.134924281599198,1,78.53065035587714"
"1236,49.45041350965229,78782.38555449164,28.38944002650729,0,2.3827154307447813,1,82.04248140854594"
"1237,33.10398729318899,58155.46580048446,45.788972278381685,0,2.381016549113877,1,79.7185258258555"
"1238,33.41007874924843,54499.2349713595,60.048216917579126,0,3.9565494617872687,1,78.17144217045154"
"1239,47.840605452316716,54797.04018113084,45.76563416820723,1,1.9889628699542694,1,79.13751063769439"
"1240,53.14259585545262,72875.59847958191,42.62738323608039,0,4.087726751338853,1,89.37287656205622"
"1241,22.50161213397947,65477.71560453969,72.7768892603093,0,3.3342999637510085,1,81.39556519524953"
"1242,51.2642476213292,64369.254985353844,68.19077190195804,1,3.5177207640270725,1,86.72876648733146"
"1243,38.48158199548396,71928.51373885773,54.67574912482157,0,2.7432661965199467,1,85.30135808720073"
"1244,42.68632695231105,29234.213882192176,61.38910611480048,1,2.37017519575359,0,47.82193890633433"
"1245,28.925784917219552,64651.03235812725,27.740645820419225,0,4.46199283086832,1,73.58316272635824"
"1246,34.7805931177595,63278.53333310573,42.12448559371293,0,2.753262719446525,1,90.6318287217859"
"1247,56.593503906363736,85032.12121951058,45.30042126826849,0,2.5890649234261383,1,91.74381015247585"
"1248,45.394360487762555,37071.18026604499,47.64019901133054,0,2.919862932120191,1,76.45500675947588"
"1249,40.406659179485295,83357.79948565137,45.10055979026038,0,3.193022132717943,1,88.20968389024806"
"1250,43.602139768427584,61131.13693386999,24.499737084836536,0,1.9691748732805514,0,70.09793317704553"
"1251,50.87054189597161,67334.84295990068,53.8602461870856,0,2.4351285057930885,1,81.7022709068377"
"1252,50.285933953960054,85138.78181414065,55.43654128280607,1,2.3819679260939424,1,103.31931711923423"
"1253,44.09967599523839,68411.41902008359,66.01898791589981,0,3.8452803046068484,1,86.11697156306346"
"1254,58.11550933076002,66005.52434193842,42.116907352250365,0,2.114037432000111,1,81.23070108792048"
"1255,56.645551642879994,63634.367787034775,41.29836842220098,0,1.2442321422419462,0,63.85598942574451"
"1256,49.960464349564745,52747.82797508434,23.200155140355314,0,1.032905437093846,0,76.79016918834455"
"1257,45.655341394920846,59572.6631323441,47.06433163409114,1,1.5296198653242827,1,78.80190335854763"
"1258,52.88785314143447,49267.30850815877,59.01111781062171,0,4.361538202848111,1,82.20608487749344"
"1259,48.7712090616142,59331.49650861777,43.8823213780728,0,3.0162065994840517,0,75.30267124072851"
"1260,57.72960086167137,24961.039544173553,71.43444818543648,1,3.501249086807203,0,56.24422255613047"
"1261,55.79473652085969,66435.59351351323,47.43405164210476,1,3.536487727121329,1,88.3451651161191"
"1262,32.78095318298726,58173.94119324562,51.46992284288556,0,3.0561839183923203,1,75.97192749655274"
"1263,31.968441951099525,54956.94394999854,36.36896919418406,0,2.925218703348692,1,72.56766492759125"
"1264,36.585005467151085,63296.37125910215,52.872203451752796,0,4.0445264298181405,1,88.03499365677155"
"1265,56.71366428080305,38496.54115551839,30.206802051473048,0,3.14599591431264,0,62.79583272262678"
"1266,26.084292038745055,88939.04994931923,56.93697955013145,0,4.399097479263414,1,94.29589133502623"
"1267,49.73708866929592,58458.48807768601,57.24428176235412,0,3.6208299452898665,1,83.30837302364475"
"1268,49.350517093115535,57812.333505417155,63.5929142433651,1,2.382203726518972,1,83.15540789297003"
"1269,58.95177670423431,45519.05684800616,39.800312812323114,0,2.502865976130064,1,68.32240851952183"
"1270,47.16406428796665,60359.19573673892,51.60562118297419,0,2.2725351935457203,1,77.75166022174697"
"1271,28.881487312993194,80804.3983540992,55.63816559386504,0,4.217548021950716,1,86.96157070301744"
"1272,33.48774047222253,75538.74314148052,54.4228163833031,0,2.594949047054447,1,81.48283717695055"
"1273,30.816053737226106,72816.56626710834,41.34700724865149,0,2.2015272032003677,1,86.11448788320818"
"1274,38.54467240400231,68195.98427500908,26.080181104438598,0,3.31977804112682,1,89.72314877128481"
"1275,42.805181190912876,54621.862086560854,53.46960296884481,0,2.902832893627497,1,85.17745254534911"
"1276,31.01470168534732,38247.55249444947,48.4750032169008,0,3.294568512575164,1,69.34012215032524"
"1277,62.64794388782747,56984.418422000475,44.3332940703856,0,4.8898139038938435,1,84.43024219298755"
"1278,29.096623536570707,56461.928031994845,57.63945363715466,0,3.91307080592886,0,70.85310773364859"
"1279,61.153241086349766,75731.91659506861,49.55080461845567,0,3.0270105543019064,0,81.93597966112159"
"1280,59.221956377272086,64640.856636897304,36.808049472322004,0,1.5915766157939915,1,78.66112421975811"
"1281,55.779630596268426,84184.67291855323,30.685477109037784,0,2.5000375027913644,1,100.35476357060605"
"1282,36.674800710038994,77962.32810057262,38.71036734866834,0,3.711046102545303,1,92.4538491150014"
"1283,49.10941055012282,53152.56585743857,73.93012294766787,1,1.8289589603381837,0,72.39838128472046"
"1284,29.671546397392586,33073.06205070198,57.22776773932773,1,5.140970296330353,0,66.3264559815863"
"1285,55.93088442040499,80783.62850912221,51.88612341975012,0,3.0144165626355486,1,92.98875280712774"
"1286,44.11218262156477,80390.77834846116,48.18339072814195,1,3.048848393209485,1,83.87004120085366"
"1287,40.088157424959775,39506.82613646661,47.52607060052564,0,2.333354807042022,1,70.98336638494071"
"1288,30.31506184012477,82638.60029741251,61.67195983359095,1,3.4967377567757185,1,80.62906953308847"
"1289,18.0,65731.75755888777,45.094042580965684,0,1.841998193477768,1,81.64166412683274"
"1290,32.53750971557093,62410.2824718848,55.76920410684293,0,5.164892589101457,1,81.50370974076446"
"1291,58.353578347354876,84221.74881370991,46.51572049708406,0,4.317351304652012,1,92.77532648630641"
"1292,40.16599885830235,80170.27759845922,69.40156631835063,0,3.984296445197046,0,85.29215373179983"
"1293,42.96805371461943,69769.96427992806,57.422885075783036,1,1.6095709942101906,0,71.20747768601902"
"1294,52.866652299461435,67098.25598717974,62.45556814683626,0,3.205413270457751,1,83.42968244732387"
"1295,66.66802653739518,69245.9143579554,44.15590225311761,0,4.209086398014005,1,87.84230399514895"
"1296,60.90005585934766,53999.13849176211,60.58136112567422,0,3.5931053993577393,1,71.36418405505765"
"1297,33.33197995420574,59173.47825401519,46.87422574605309,0,1.997890895366225,0,67.27058373450961"
"1298,21.689153142751124,46465.24268108186,51.10034823932849,0,2.349906244691345,1,60.20596282103"
"1299,73.31537110920124,55004.403363916215,66.35047670619458,0,2.5480638619940095,1,78.44414173660311"
"1300,72.22789933991345,54500.491819966,39.57224943243581,0,2.3965621655113925,1,85.216181661351"
"1301,47.26144315715139,50470.41945567503,52.032477313054,1,4.528778835710307,1,80.77366795780874"
"1302,29.75414105301814,62051.19753972695,54.38005258518727,0,1.078986861176744,1,75.68498105786361"
"1303,56.558718406727266,55140.28723949134,55.2000438080081,0,3.6559191396588364,1,80.8407131393154"
"1304,43.70419576784868,67533.52080527961,45.49215506906535,0,1.7076966250715488,1,77.37503736330193"
"1305,43.64422652272067,35665.190800593526,70.86264100808081,1,2.038748512548932,1,70.24978076680102"
"1306,55.73350611726155,58299.6780883905,37.0506811465974,0,0.9902666331312826,1,94.33703658104993"
"1307,49.01249696247958,61973.27460266244,64.5888538863247,0,2.450945568841134,1,90.8803225942455"
"1308,30.770221067820657,55340.561402446794,62.150656055916386,1,4.5107316515392135,0,69.08494263907846"
"1309,41.10309677901631,57414.10950286153,69.00888789603684,0,3.264824242464778,0,70.48853369759495"
"1310,52.93383514393616,36221.30983905214,34.1177290129218,0,1.801638453000903,0,56.32539163924244"
"1311,51.12302666886022,65347.15657004238,41.3116851211029,0,4.017147674379313,0,70.45593789465119"
"1312,48.14419889230171,69714.08973850605,64.9194305916164,1,4.231304263568686,1,87.89602080601101"
"1313,56.201075453710374,67403.0594130565,31.229608453696912,1,3.1040464810390858,0,72.44010566724248"
"1314,40.659396146192826,75580.90589163275,33.935410989595866,1,5.03474915815259,1,92.84684927205237"
"1315,47.14403730262887,63022.94408673753,45.11692213288508,0,3.821564124624614,1,90.82926106954636"
"1316,18.0,67180.21770976405,51.91993788622268,0,3.682652507292588,1,83.28131301364489"
"1317,39.60419767388623,62341.36107685279,65.92225073648775,0,2.1966212928337097,1,81.16294726159634"
"1318,54.16683490290773,70313.26079388741,48.147340850696416,1,3.627398485621341,1,78.04000847178955"
"1319,40.31526639459429,36341.55545801816,43.91760851935461,1,3.2167912776044933,0,64.87963307111055"
"1320,39.405271299394656,46596.28548032984,53.11389937696427,0,3.5198290026710266,1,69.67654801651294"
"1321,32.50256457870218,83803.49485549636,54.69596483294401,0,2.3154143808586696,1,86.5339402615886"
"1322,57.04039071274975,23093.462668556924,54.41239822170271,0,3.1280988843589865,1,72.2417827081106"
"1323,51.58155928248685,57897.33105261984,48.22013792048655,0,2.183138499785042,1,85.21238997066982"
"1324,54.90497517387702,77584.12439412103,30.449138860818504,0,0.8528679000339681,1,84.8739039583127"
"1325,24.285432456505326,58601.09001687353,40.82384010893668,0,3.9983045685783836,0,67.02304523266272"
"1326,43.074599480812395,53924.83392823954,64.20271085267463,0,1.4976110183104827,1,73.57888796774208"
"1327,41.63866790699993,61941.3251522295,51.870689379766,0,3.107186464782416,1,75.43687729678817"
"1328,41.633139520817366,54703.1972999633,46.77477880892943,1,3.33300212944904,1,75.53701716510508"
"1329,37.607669475384526,60462.742391354084,61.18168548373975,1,3.326563015863055,1,72.54146422219709"
"1330,40.84674873863982,49749.28445219806,38.698833676310514,1,2.71692092640175,1,79.57323830340593"
"1331,55.19573739247982,76630.11629933586,47.746518662869924,1,3.2712114752799732,1,90.76120746501569"
"1332,22.045783759826048,81348.97381598491,51.37758405174037,0,3.470967069785162,1,90.32358798255726"
"1333,66.32753721636544,57999.14516832566,45.58622496705371,0,3.734964815751985,1,78.04836338869268"
"1334,50.80609350031754,39202.65868963135,51.007628229015985,1,4.733441339384263,1,68.57307307981641"
"1335,44.492017252077446,52142.35244529907,48.12306068578235,0,3.2341941514982055,1,78.16106939609372"
"1336,55.882009756475114,57240.170098455535,36.00656952214125,0,3.0640488450177017,1,81.256020915795"
"1337,27.57798305797878,67583.08315354813,51.81477881879056,0,2.0932710346499057,0,70.72929925737233"
"1338,37.02358913818783,44879.801652439826,36.71648208487132,1,3.435946323899337,1,72.95562028797494"
"1339,43.54709481131335,48462.56522036774,51.65615125096722,0,3.6673831031405686,1,85.22752094026282"
"1340,61.38672444518613,67660.14206788212,63.74135824150109,0,2.807696815718373,1,87.57901178321104"
"1341,44.442041026481306,74083.63248059337,47.18976802723945,0,3.544612504184037,1,96.76673905556515"
"1342,50.400656054221756,50676.08932243974,38.285168700290136,1,2.707483806450658,0,73.82131350671676"
"1343,37.92505204876647,40001.74419073506,48.730121867950196,0,3.670992652088924,1,81.24635163292854"
"1344,50.842104827609894,109261.77301931827,41.68028891921469,0,3.9126023140297437,1,96.54668770993207"
"1345,65.12687511569348,71749.5635563307,55.945090026314695,0,3.8986278667304854,1,91.29727018247617"
"1346,56.94632030008937,55994.94357349453,48.52011252477146,1,3.1178443261413005,1,78.42805747535294"
"1347,44.022528146665444,73035.4691329626,67.09763251664573,1,1.9600318483829486,1,76.86753238976029"
"1348,53.105890167185635,58133.15055428367,61.62989595677338,0,2.3880869473581794,1,87.9543346440962"
"1349,51.930203455286545,73007.3533365028,48.46919495518597,0,3.5951573238847283,1,85.80362491070942"
"1350,51.07905206036731,62390.89796664333,57.15609067973091,1,5.448812305740227,1,79.14780608595282"
"1351,58.34344033032491,61369.078472513596,46.06763590837154,0,2.659279228467918,0,70.4365794885688"
"1352,58.2537324460496,58296.27197653817,50.339568851651684,1,3.45583767838814,0,67.92743156406165"
"1353,43.47409683750139,38289.27999805365,46.38565803649688,0,2.4439474425205967,1,68.14978979890472"
"1354,52.70254873773323,89071.4234908971,57.664559598497085,0,2.026032955750899,1,91.41163368381963"
"1355,40.40286094608248,45876.99119598385,64.32988276709578,1,2.3236841364226377,0,72.90410584736361"
"1356,33.92313124421307,39599.64635534109,57.98648207191143,0,0.9175280232973284,1,66.63460800247248"
"1357,41.76607493155216,56807.10175865449,59.219366012853556,0,4.353435062907751,1,88.67854956803916"
"1358,44.084662179125004,45577.9227973424,59.23033437235729,0,0.7698697470853864,0,67.49971511441538"
"1359,25.061028129864095,59224.30814159593,55.5125592233471,1,2.736171769599367,1,80.3661213032347"
"1360,55.32399071300064,70316.45772842653,38.607138407897324,0,1.8218721046499455,1,88.85708000765"
"1361,18.0,74929.54350793835,67.009715194165,0,2.1156197846377953,1,83.53259155007285"
"1362,77.57780327383585,72220.96082432523,68.04410826698425,1,4.376522659738668,1,96.57763330422173"
"1363,63.022549605555824,55415.519178214796,47.66120396686632,0,3.201066990031392,1,83.86421754020212"
"1364,41.86789530993224,60743.87741492379,46.29302084783818,0,2.0346038408182996,1,71.78869364448981"
"1365,45.11311632676528,66118.18576346236,56.12411652915375,0,2.410482867503489,1,84.36823189151409"
"1366,48.6356624830474,33633.18864086892,55.50812835183505,1,2.2345187795579142,1,74.02432244326171"
"1367,37.930075344132696,68558.7705017979,47.980539312469816,0,2.9564543279211195,1,82.13667310446324"
"1368,47.31142977104324,38140.51068624253,37.49974344412396,0,3.1728916847876927,1,73.15693996300115"
"1369,43.27200026758007,90605.19898359734,53.057011907497774,0,4.89557477322856,1,91.42144946540775"
"1370,43.86872739322841,53932.27373037457,55.514365381755454,1,1.083699234002293,1,69.9386133383567"
"1371,47.177532761767665,57226.87234208113,57.25821148038797,1,2.9651876852420473,1,72.22876800654666"
"1372,29.237666419752067,48454.393511432165,53.492927723542074,0,2.6844323074654777,0,56.767729957176144"
"1373,45.47483668960378,50550.44952216466,47.28884851638091,0,3.946548527716782,0,71.27012601235232"
"1374,46.96137295940973,94111.4035371486,59.94002039506278,1,3.3548181181783936,1,82.57314466346148"
"1375,46.54619545627097,74105.54532934946,50.658484975659185,0,3.5903622081149456,1,83.83672780904143"
"1376,42.41003093476615,36761.96332278242,45.35076985635279,1,3.3450861860150827,1,67.79359094517477"
"1377,58.65429331163246,82563.19351027845,48.19346617954279,0,2.0680088747164604,1,89.13431615511047"
"1378,40.75616934142138,77898.63412712148,32.540309675250185,0,4.211265496493013,1,79.32192523250413"
"1379,47.72791088187829,55781.81306567567,48.177581758214615,0,3.798504904615669,1,82.14376071185374"
"1380,60.567570407106544,64600.454130447564,56.884365198746686,1,3.915529791724743,1,78.66355555546997"
"1381,44.04748631975625,59775.83880868389,53.397830221392304,0,4.264050170507165,1,87.38835199540125"
"1382,47.573559209610615,89588.69856670398,65.20664172981186,0,3.4176751006519597,1,90.21814699022005"
"1383,43.84338436422124,48055.647165118644,47.370250859842955,0,4.480992404117493,0,66.71332610870398"
"1384,59.84843752276319,62190.1591466359,54.87313163053316,0,3.377639571786641,1,83.58188835113603"
"1385,41.907305260964456,53577.82003510793,57.927401763057716,0,2.7809414119753915,0,69.06781693402277"
"1386,60.40025492745846,38504.393930732185,73.42857008287407,0,2.993396089516635,0,64.02157182413274"
"1387,43.75694526423522,92874.5738258248,51.44765491117641,1,2.9761562318638837,1,91.7708962985814"
"1388,34.6864833186238,42276.501313463814,39.558128211359765,0,2.480608677909457,1,74.07897845304569"
"1389,53.152478046889456,63301.93781231664,58.47928753355282,1,4.63188884837022,1,86.67226966078654"
"1390,41.343985994932126,33889.49090429497,68.65727355968457,0,3.2962953655036675,1,66.50155791806604"
"1391,52.446010789189955,54013.9419113536,46.774512897733786,0,3.0947384758329064,1,81.45780771899456"
"1392,18.0,66329.53232150186,58.41081538606416,0,3.3882742549264337,1,87.00103384455038"
"1393,45.062463142739354,47628.990307464555,62.287280552289204,1,5.979854516737147,1,81.87119703117224"
"1394,39.48473641491024,68802.02776103483,60.170655439701534,1,1.8682758114003406,1,87.62578160326117"
"1395,32.240895761624664,55964.38362167876,51.25558522473578,0,2.1549614882837242,1,78.19341645999818"
"1396,38.36110797792241,77401.2376859792,43.01526241786854,1,1.6194289825530037,1,81.41139682785195"
"1397,38.11556226848818,80426.41370010335,49.187204519864146,0,2.767400761564514,1,84.14782001762354"
"1398,44.424170461793025,51198.82858904982,54.58600453877631,0,3.2455184433273603,1,79.11780307573318"
"1399,28.59208246458053,61150.992890894355,59.08222524091729,0,2.534677481658923,1,84.06116601390448"
"1400,48.79528536311656,62751.81339708349,53.33945047999039,0,2.46027320184823,1,95.87803202659391"
"1401,61.39457742246945,69290.23943152047,46.20092033459423,0,3.1424048666281323,1,91.27858713035066"
"1402,48.371141963373915,60215.72994366399,55.553796561497684,1,2.4978921751703025,1,75.06954112645172"
"1403,54.70786331074811,62853.164390142636,58.600850677428205,0,3.3101758271828383,1,79.42382988707823"
"1404,58.13474945536555,56348.902878073204,53.79610056414481,1,4.114234346742604,1,93.0370101539399"
"1405,59.837874146210126,61728.59800458027,41.63812885461675,0,3.6770304698008065,1,82.54490633240988"
"1406,67.44166431385567,79469.10290302699,48.1859396528281,0,3.881013347165202,1,91.87419144413496"
"1407,39.00957602068884,69691.24861817781,59.47820776412467,1,4.08591841150672,1,80.24410717649924"
"1408,36.3781921780666,70518.83459165054,36.169821912555264,1,3.282828160118703,1,92.29713261043305"
"1409,54.401587779896815,70846.05486203368,29.06821977608841,1,2.8413589739568987,1,88.5533339385718"
"1410,53.4991946358888,57692.86833178447,65.08082850144021,0,2.2277469291168046,1,76.33625760016956"
"1411,54.308103595388275,64782.40565369296,55.1141525502188,1,2.608821836364279,1,78.46170364582106"
"1412,67.67138945100302,43722.394824963834,56.067300025201064,1,2.4763144673231055,0,67.77316817843366"
"1413,45.13643890558193,79032.11484475435,39.231830263729435,0,3.7316723266209118,1,89.33285856415893"
"1414,50.11387871575422,18255.593514851695,57.37528063466538,0,3.346782554594196,1,69.1516024072971"
"1415,33.2353409821983,58692.77411496862,52.752486875683644,0,3.6967578627143016,0,72.49289240001472"
"1416,70.6238534877115,77113.43965725412,34.15672422151603,0,1.8396631438998485,0,78.05708998294956"
"1417,40.96146094549067,39541.980995559876,64.24283414273857,0,4.431749484241079,1,70.73933010285906"
"1418,41.30140886207004,65996.69876425277,51.58683323618729,1,2.5730196284932374,1,81.78752535320854"
"1419,40.839001307901086,49788.503301314595,46.039160339207314,0,1.8999833579253373,0,62.76588390437241"
"1420,37.261249696267946,54467.95102216697,46.22010254014782,1,2.5607822351781873,1,76.91095350261232"
"1421,36.24675541382821,74189.11440959157,29.847780945676234,0,5.483765992587508,1,87.76953874238637"
"1422,38.715548605325694,62970.853888277255,55.93336599631363,0,2.6122831335084324,1,76.66006845574992"
"1423,28.610448863388665,29484.66198173456,52.618572072457255,0,2.6749035285290743,1,69.94823181234537"
"1424,35.57618495684114,45353.61690402603,48.05919867666905,0,2.8078953193703238,1,72.09324294044242"
"1425,68.38755733737143,74630.0360233314,62.78485207451672,1,2.8513796165685448,0,74.76245208489782"
"1426,53.82786172369642,66734.14077289496,36.16140981004154,1,2.2185239341987457,0,72.09322448747727"
"1427,56.110850120732614,86222.03358786427,44.03227523632385,0,3.1432130832061302,1,93.82575969688531"
"1428,59.12650544900298,85239.71391019945,41.49991745239614,1,4.0755949081983305,1,93.68420303460526"
"1429,67.0096147723487,54866.32304779813,47.21205020228447,0,3.314289315478707,1,83.4095127232594"
"1430,23.74292938267387,97548.56707604232,50.67470025257223,0,1.8888347011000144,1,97.39651815494197"
"1431,30.241402616561512,60367.19504777866,54.30013523811355,0,2.6556540950662915,1,85.82024257686082"
"1432,35.35531606926378,45559.97198386462,46.530265468948826,0,2.4484725998983703,0,65.14572929383118"
"1433,39.36324244212483,50495.40201134134,41.22644264845106,0,3.052939468234801,1,71.2298246871594"
"1434,41.39316731297701,26149.123420658718,66.86006949770444,0,4.330451671562317,1,66.71777342415955"
"1435,39.63626936632751,84105.28512373922,74.1164019178857,0,2.851117203979117,1,84.86504282739669"
"1436,47.63170695758465,83921.42983565795,51.43286671882025,1,2.9118451311296094,1,99.14548910348674"
"1437,45.42354468894259,44767.38841780019,42.43219632979133,0,4.77764481881943,1,86.2084301037057"
"1438,36.325982457861,56581.73567427141,64.75454131042294,0,3.87620599167166,1,82.6178132963137"
"1439,18.893414676149163,61434.11316168866,35.53242893671535,0,3.574081282106535,1,83.61454597117077"
"1440,33.08557553545562,45594.70421786829,46.652266752951725,1,4.958131615301776,1,76.7676604991176"
"1441,38.4091361602491,33673.469530932576,43.03882948653698,1,3.489811254794013,0,61.9324300095371"
"1442,42.03504675830737,56844.63594334632,38.40464449549511,1,1.0134728580224777,1,69.76486624794164"
"1443,31.443990488273556,55183.8085581113,47.199757670782304,0,3.8326657578803607,1,77.91439325209161"
"1444,39.11032240204296,54173.83138516837,41.35827920826035,0,1.4079915428813499,0,62.30119271684542"
"1445,31.428151338172963,63340.74093901447,50.12654464148655,1,3.452005368582448,1,82.64749849198088"
"1446,43.490167781420006,81442.79487788989,50.27177167672464,0,1.28625642587076,1,87.6570906430519"
"1447,32.12290405964862,55453.60920462411,43.78668276478021,0,2.5331445896000804,1,87.15435957122514"
"1448,34.81314412355442,62556.64498082044,46.294866434061305,0,2.6362154703901286,1,85.19608322460992"
"1449,29.29579042813033,70903.05785617404,47.6915103209629,0,2.2298808927682465,1,84.49726681210547"
"1450,43.1579916531626,68312.14389769123,58.09846061119427,0,2.6511480028088,1,82.42687669094167"
"1451,34.60262676057122,50783.64713328237,48.515705989358146,0,4.032561720360553,1,85.37987819945816"
"1452,55.88141120010515,61445.65684671054,58.24701740786097,0,2.286047087840447,1,81.84546829833445"
"1453,49.87020320031479,68213.0973025358,55.858129835546556,0,3.545140879510541,1,86.76674175283061"
"1454,44.16177758179629,43074.729937338336,55.71530696900742,1,2.0343503603926996,0,63.4847980435633"
"1455,35.430174031874536,78953.08516194762,63.87845970345973,0,2.810500423607871,1,85.35188227831618"
"1456,49.56624366379563,81473.83357821166,38.8060912025409,0,3.3238392663274503,1,90.38776032265379"
"1457,53.288410672183645,49158.29616833259,45.268168936928866,0,2.0034715833814403,0,56.78510254786497"
"1458,46.71226094641956,62905.05027522253,67.63298800299569,0,1.68827956708931,0,63.44533785219648"
"1459,64.24442226560316,69634.17385006548,47.426834994107324,0,3.4918781505788883,1,88.81976699539776"
"1460,50.51564781689779,51815.78765506871,21.848763100941504,0,4.123080399340639,1,86.91734261582721"
"1461,55.96328661081641,67224.20768532142,47.97031656852115,0,2.920934980512628,1,86.56386524034116"
"1462,46.602784986431736,62448.83439438248,51.3493953016325,0,2.5426870934432957,1,78.07211765666753"
"1463,53.10797343908372,37981.22733541799,23.82886882568789,1,3.1556753876883867,0,55.81355981788961"
"1464,35.43862520796989,66887.41973967837,63.33935639887948,0,3.0554799187653803,1,86.66585065405884"
"1465,39.49921964144647,43497.863755934464,42.86287536134398,0,3.2429025407112513,1,71.10741374401192"
"1466,49.192362641788556,74088.04277493071,53.28563115187516,0,0.4717548996862857,1,88.14803438666297"
"1467,49.10519377868858,49931.83387299167,47.74018454655938,1,1.9308957088340368,1,78.37729528446134"
"1468,51.09134187531897,57580.71849508282,37.116485807959585,0,2.154769894563146,1,82.256739462489"
"1469,58.20471470734475,80584.18370169862,39.2949186536458,1,3.1508676285115627,0,80.74284759099095"
"1470,27.900345938215054,67445.72469793267,40.64917163572453,0,3.1858778836222665,1,84.2352487047406"
"1471,33.30656942867645,43807.89120638182,60.85671909183638,0,3.636180488684036,1,73.16548581008594"
"1472,47.75487169289104,44776.25143801374,48.52461811899848,0,3.257581749210437,1,72.11552047202194"
"1473,36.30763641835847,51010.45817064412,44.78134483448253,0,1.6992649296126643,1,70.57686355120337"
"1474,85.53321889547234,65919.66125035,40.65391087409769,0,4.44700461758506,1,76.55374609390039"
"1475,51.18863543004163,65374.49722399152,61.96150221526126,0,4.271918303422366,1,83.78064926331612"
"1476,44.06002981283811,47353.46543005696,64.64201272523587,0,1.7418027099730742,1,82.33772223604483"
"1477,38.81436872299369,42491.857715784616,61.84743898706681,0,3.332705294374183,1,77.19474465680055"
"1478,39.238052601683464,64223.75107628752,54.924373391541664,0,2.4045756147569843,1,82.67551177486872"
"1479,45.36168793578213,57272.09901314757,52.898300418707116,1,3.1388639892005483,1,76.28607461875193"
"1480,46.343783191455096,92358.23831171606,37.84062182024098,1,4.05331027964187,1,99.80701799634082"
"1481,39.51961026367785,60549.05484844618,47.54180873288942,0,5.130104266320959,1,81.6791198197879"
"1482,41.72217304176118,87213.79241550413,43.16139796653563,1,3.75127770514261,0,89.93342800343714"
"1483,61.13141490281516,42444.2460284349,31.744878910152902,0,3.294934735110136,0,60.82135137327017"
"1484,61.61405955181241,36401.80590657439,60.57043419165366,0,2.6601788316917028,1,69.10042374330108"
"1485,48.024407759218526,43198.723012116985,43.041700536077244,0,3.1821348710111765,1,70.39128815647945"
"1486,28.904883273159147,77836.946721802,61.95941907435307,0,4.359771893328314,1,80.10249267852929"
"1487,51.46203787966852,86341.523845403,58.81746400760012,0,2.955291243240415,1,87.36182289476157"
"1488,63.65138929933231,48267.30819071049,55.56717976633419,0,2.1138873486523497,0,67.8792533839689"
"1489,61.43737322354855,53091.50955360664,56.12884071763184,0,1.3803101344833735,1,74.92358412713106"
"1490,53.813110233716,42465.2863468125,43.84686117926292,0,3.5130478674102505,0,45.89598720982181"
"1491,62.06907546342986,32825.40229322419,68.57850151290666,1,3.2472881256277395,1,77.30626545123548"
"1492,45.64061126974826,70776.17546664944,50.431254309530495,1,2.3540918267377036,1,76.33733612828775"
"1493,52.53723563800446,63345.304544432445,53.01931685118704,0,4.026014125707298,1,86.75879810657244"
"1494,36.83069320409784,60157.319740108134,43.509236664333606,0,2.5782231356123697,1,79.96464867329077"
"1495,48.507185473868546,38999.1519425493,40.6883473922304,0,2.865355908175205,1,83.32952813304846"
"1496,60.95441092764629,84599.35022742991,54.77296008809423,0,2.9833358667020566,1,97.30663728471134"
"1497,37.92691906215731,52449.648929257906,52.175134959387854,0,2.6490472578619118,1,74.36876630678356"
"1498,34.66267884642856,68004.39637224714,42.106476340974226,0,3.2358650657495707,1,79.7464006743648"
"1499,46.169867268284364,38181.57892132913,35.61573281224596,0,4.151515145933001,1,80.72446881610291"
